-- phpMyAdmin SQL Dump
-- version 4.7.0
-- https://www.phpmyadmin.net/
--
-- Host: 127.0.0.1
-- Generation Time: Mar 28, 2018 at 12:18 PM
-- Server version: 10.1.25-MariaDB
-- PHP Version: 5.6.31

SET SQL_MODE = "NO_AUTO_VALUE_ON_ZERO";
SET AUTOCOMMIT = 0;
START TRANSACTION;
SET time_zone = "+00:00";


/*!40101 SET @OLD_CHARACTER_SET_CLIENT=@@CHARACTER_SET_CLIENT */;
/*!40101 SET @OLD_CHARACTER_SET_RESULTS=@@CHARACTER_SET_RESULTS */;
/*!40101 SET @OLD_COLLATION_CONNECTION=@@COLLATION_CONNECTION */;
/*!40101 SET NAMES utf8mb4 */;

--
-- Database: `simon`
--

-- --------------------------------------------------------

--
-- Table structure for table `administrator`
--

CREATE TABLE `administrator` (
  `id_admin` int(11) NOT NULL,
  `nama` varchar(35) NOT NULL,
  `j_kelamin` varchar(15) DEFAULT NULL,
  `tgl_lahir` date NOT NULL,
  `email` varchar(35) NOT NULL,
  `telp` varchar(13) NOT NULL,
  `avatar` varchar(100) DEFAULT NULL,
  `id_user` int(11) NOT NULL
) ENGINE=InnoDB DEFAULT CHARSET=latin1;

--
-- Dumping data for table `administrator`
--

INSERT INTO `administrator` (`id_admin`, `nama`, `j_kelamin`, `tgl_lahir`, `email`, `telp`, `avatar`, `id_user`) VALUES
(1, 'Yodi Yanwar', 'Laki-laki', '1994-12-13', 'yodi.yanwar@tazkia.ac.id', '0816616350', NULL, 1);

-- --------------------------------------------------------

--
-- Table structure for table `adminmatrik`
--

CREATE TABLE `adminmatrik` (
  `id_adminmatrik` int(3) NOT NULL,
  `nama` varchar(35) NOT NULL,
  `telp` varchar(13) DEFAULT NULL,
  `email` varchar(35) DEFAULT NULL,
  `j_kelamin` varchar(15) NOT NULL,
  `tgl_lahir` date DEFAULT NULL,
  `id_user` int(11) DEFAULT NULL,
  `avatar` varchar(100) DEFAULT NULL
) ENGINE=InnoDB DEFAULT CHARSET=latin1;

--
-- Dumping data for table `adminmatrik`
--

INSERT INTO `adminmatrik` (`id_adminmatrik`, `nama`, `telp`, `email`, `j_kelamin`, `tgl_lahir`, `id_user`, `avatar`) VALUES
(2, 'Derry', '085637242', 'derry@tazkia.ac.id', 'Laki-laki', '1987-01-02', 2, 'color-combinatioin-black.jpg'),
(3, 'Hasan Ishaq', '081265484', 'hasan@tazkia.ac.id', 'Laki-laki', '2017-11-11', 23, NULL);

-- --------------------------------------------------------

--
-- Table structure for table `mahasiswa`
--

CREATE TABLE `mahasiswa` (
  `id_mahasiswa` int(11) NOT NULL,
  `nim` int(11) NOT NULL,
  `nama` varchar(35) NOT NULL,
  `angkatan` int(11) DEFAULT NULL,
  `j_kelamin` varchar(15) DEFAULT NULL,
  `asalkota` varchar(20) DEFAULT NULL,
  `email` varchar(35) DEFAULT NULL,
  `telp` varchar(13) DEFAULT NULL,
  `avatar` varchar(100) DEFAULT NULL,
  `tgl_lahir` date DEFAULT NULL,
  `id_user` int(11) DEFAULT NULL
) ENGINE=InnoDB DEFAULT CHARSET=latin1;

--
-- Dumping data for table `mahasiswa`
--

INSERT INTO `mahasiswa` (`id_mahasiswa`, `nim`, `nama`, `angkatan`, `j_kelamin`, `asalkota`, `email`, `telp`, `avatar`, `tgl_lahir`, `id_user`) VALUES
(1174, 17101003, 'Hanapi Muslim', NULL, NULL, NULL, NULL, NULL, NULL, NULL, 33),
(1175, 17102002, 'Ibnu Hibban Hartono', NULL, NULL, NULL, NULL, NULL, NULL, NULL, 34),
(1176, 17101004, 'Salma Dliya Fuady', NULL, NULL, NULL, NULL, NULL, NULL, NULL, 35),
(1177, 17101005, 'Hilwa Fitri Millenia', NULL, NULL, NULL, NULL, NULL, NULL, NULL, 36),
(1178, 17102003, 'Mas Ichsan Nurhayati', NULL, NULL, NULL, NULL, NULL, NULL, NULL, 37),
(1179, 17104002, 'Aisyah As-salafiyah', NULL, NULL, NULL, NULL, NULL, NULL, NULL, 38),
(1180, 17101006, 'Luthfia Luhuringkania', NULL, NULL, NULL, NULL, NULL, NULL, NULL, 39),
(1181, 17101007, 'Regina Zahra', NULL, NULL, NULL, NULL, NULL, NULL, NULL, 40),
(1182, 17101008, 'Faizah Taufik', NULL, NULL, NULL, NULL, NULL, NULL, NULL, 41),
(1183, 17101010, 'Nur Jamilah', NULL, NULL, NULL, NULL, NULL, NULL, NULL, 42),
(1184, 17102004, 'Salma Nabilah Salsabil', NULL, NULL, NULL, NULL, NULL, NULL, NULL, 43),
(1185, 17102005, 'Wardatul Fadhilah', NULL, NULL, NULL, NULL, NULL, NULL, NULL, 44),
(1186, 17103001, 'Meilisa', NULL, NULL, NULL, NULL, NULL, NULL, NULL, 45),
(1187, 17103002, 'Zahra Shafira', NULL, NULL, NULL, NULL, NULL, NULL, NULL, 46),
(1188, 17101009, 'Muyassaroh', NULL, NULL, NULL, NULL, NULL, NULL, NULL, 47),
(1189, 17101011, 'Zafarina Zati Hulwani', NULL, NULL, NULL, NULL, NULL, NULL, NULL, 48),
(1190, 17101012, 'Putri Ananda', NULL, NULL, NULL, NULL, NULL, NULL, NULL, 49),
(1191, 17102006, 'Rasyifa Salsabilla', NULL, NULL, NULL, NULL, NULL, NULL, NULL, 50),
(1192, 17102007, 'Nurma Hermila', NULL, NULL, NULL, NULL, NULL, NULL, NULL, 51),
(1193, 17102008, 'Melati Hasna Abidah', NULL, NULL, NULL, NULL, NULL, NULL, NULL, 52),
(1194, 17102009, 'Salsabila', NULL, NULL, NULL, NULL, NULL, NULL, NULL, 53),
(1195, 17102010, 'Sakinah Zahra', NULL, NULL, NULL, NULL, NULL, NULL, NULL, 54),
(1196, 17102011, 'Fannia Mauludiyah Fachru', NULL, NULL, NULL, NULL, NULL, NULL, NULL, 55),
(1197, 17103003, 'Adila Nur Islamiaty', NULL, NULL, NULL, NULL, NULL, NULL, NULL, 56),
(1198, 17101013, 'Ella Wandania', NULL, NULL, NULL, NULL, NULL, NULL, NULL, 57),
(1199, 17101014, 'Nur Kintan Maharani', NULL, NULL, NULL, NULL, NULL, NULL, NULL, 58),
(1200, 17101015, 'Asri Nurazhari Putrimant', NULL, NULL, NULL, NULL, NULL, NULL, NULL, 59),
(1201, 17101016, 'Mala Mareta', NULL, NULL, NULL, NULL, NULL, NULL, NULL, 60),
(1202, 17102012, 'Maulida Nur Safitri', NULL, NULL, NULL, NULL, NULL, NULL, NULL, 61),
(1203, 17102013, 'Tasya Aulia Damayanti', NULL, NULL, NULL, NULL, NULL, NULL, NULL, 62),
(1204, 17102014, 'Fajriati Noer Hidayah', NULL, NULL, NULL, NULL, NULL, NULL, NULL, 63),
(1205, 17102015, 'Mutya Nurya Ningsih', NULL, NULL, NULL, NULL, NULL, NULL, NULL, 64),
(1206, 17101017, 'Atika Sundari', NULL, NULL, NULL, NULL, NULL, NULL, NULL, 65),
(1207, 17101018, 'Asphia Sahiba', NULL, NULL, NULL, NULL, NULL, NULL, NULL, 66),
(1208, 17101019, 'Salsabila Putri Sekar Ut', NULL, NULL, NULL, NULL, NULL, NULL, NULL, 67),
(1209, 17101020, 'Sabrina Elsa Firdatul Ja', NULL, NULL, NULL, NULL, NULL, NULL, NULL, 68),
(1210, 17101021, 'Rahmi Muflihah Abroni', NULL, NULL, NULL, NULL, NULL, NULL, NULL, 69),
(1211, 17101022, 'Sintia Monica', NULL, NULL, NULL, NULL, NULL, NULL, NULL, 70),
(1212, 17101023, 'Anisah Afifah', NULL, NULL, NULL, NULL, NULL, NULL, NULL, 71),
(1213, 17101024, 'Dinda Nur Maulidah', NULL, NULL, NULL, NULL, NULL, NULL, NULL, 72),
(1214, 17101025, 'Syanindita Ananda Riana', NULL, NULL, NULL, NULL, NULL, NULL, NULL, 73),
(1215, 17101026, 'Zahidah Rahmah', NULL, NULL, NULL, NULL, NULL, NULL, NULL, 74),
(1216, 17101027, 'Rika Ra\'idah Dwicahyani', NULL, NULL, NULL, NULL, NULL, NULL, NULL, 75),
(1217, 17101028, 'Wahyuni Utami', NULL, NULL, NULL, NULL, NULL, NULL, NULL, 76),
(1218, 17101029, 'Nabila Kinanty Aqilla', NULL, NULL, NULL, NULL, NULL, NULL, NULL, 77),
(1219, 17101030, 'Maida Fitri Yani', NULL, NULL, NULL, NULL, NULL, NULL, NULL, 78),
(1220, 17101031, 'Syifa Qolbi Amalia', NULL, NULL, NULL, NULL, NULL, NULL, NULL, 79),
(1221, 17101032, 'Nurul \'Izzah Addiini', NULL, NULL, NULL, NULL, NULL, NULL, NULL, 80),
(1222, 17101033, 'Nur Halimah', NULL, NULL, NULL, NULL, NULL, NULL, NULL, 81),
(1223, 17101034, 'Mutiara Lailla Ramadhini', NULL, NULL, NULL, NULL, NULL, NULL, NULL, 82),
(1224, 17101035, 'Sausan Raniah Asy Syahid', NULL, NULL, NULL, NULL, NULL, NULL, NULL, 83),
(1225, 17101036, 'Nafira Fitri Ayu Widadar', NULL, NULL, NULL, NULL, NULL, NULL, NULL, 84),
(1226, 17101037, 'Hanifah Salsabilla', NULL, NULL, NULL, NULL, NULL, NULL, NULL, 85),
(1227, 17102016, 'Fatimah Tuzzahroh', NULL, NULL, NULL, NULL, NULL, NULL, NULL, 86),
(1228, 17102017, 'Sekar Rizky Amalia Suher', NULL, NULL, NULL, NULL, NULL, NULL, NULL, 87),
(1229, 17102018, 'Dara Ayu Kusuma Ningrum', NULL, NULL, NULL, NULL, NULL, NULL, NULL, 88),
(1230, 17102019, 'Eka Nursyahfitri', NULL, NULL, NULL, NULL, NULL, NULL, NULL, 89),
(1231, 17103004, 'Ayu Dini Hastuti', NULL, NULL, NULL, NULL, NULL, NULL, NULL, 90),
(1232, 17103005, 'Nur Azizah Pulungan', NULL, NULL, NULL, NULL, NULL, NULL, NULL, 91),
(1233, 17103006, 'Syahila', NULL, NULL, NULL, NULL, NULL, NULL, NULL, 92),
(1234, 17101044, 'Alma Widiyanti', NULL, NULL, NULL, NULL, NULL, NULL, NULL, 93),
(1235, 17101043, 'Hana Raisa Fahira', NULL, NULL, NULL, NULL, NULL, NULL, NULL, 94),
(1236, 17102022, 'Adinda Salsabila', NULL, NULL, NULL, NULL, NULL, NULL, NULL, 95),
(1237, 17102023, 'Luthfiah Khairunisa', NULL, NULL, NULL, NULL, NULL, NULL, NULL, 96),
(1238, 17104003, 'Naimatul Kurniah', NULL, NULL, NULL, NULL, NULL, NULL, NULL, 97),
(1239, 17102021, 'Arda Prawi Agustanti', NULL, NULL, NULL, NULL, NULL, NULL, NULL, 98),
(1240, 17101041, 'Felia Rizkiana', NULL, NULL, NULL, NULL, NULL, NULL, NULL, 99),
(1241, 17101042, 'Ghina Lintang Azizah', NULL, NULL, NULL, NULL, NULL, NULL, NULL, 100),
(1242, 17103007, 'Lisa Anita Pratiwi', NULL, NULL, NULL, NULL, NULL, NULL, NULL, 101),
(1243, 17101040, 'Alin Duani', NULL, NULL, NULL, NULL, NULL, NULL, NULL, 102),
(1244, 17103008, 'Syara Nur Fatimah', NULL, NULL, NULL, NULL, NULL, NULL, NULL, 103),
(1245, 17102020, 'Dwika Noviana', NULL, NULL, NULL, NULL, NULL, NULL, NULL, 104),
(1246, 17101039, 'Nurul Ramdhany', NULL, NULL, NULL, NULL, NULL, NULL, NULL, 105),
(1247, 17101038, 'Assyifa Nur Aziza', NULL, NULL, NULL, NULL, NULL, NULL, NULL, 106),
(1248, 17103010, 'Rahmaiola Raissa Aziza', NULL, NULL, NULL, NULL, NULL, NULL, NULL, 107),
(1249, 17101055, 'Rossdinna Nurul Rizqi', NULL, NULL, NULL, NULL, NULL, NULL, NULL, 108),
(1250, 17101054, 'Fiki Hijjatun Nada', NULL, NULL, NULL, NULL, NULL, NULL, NULL, 109),
(1251, 17102027, 'Adilia Nurul Zahra', NULL, NULL, NULL, NULL, NULL, NULL, NULL, 110),
(1252, 17101052, 'Haanii Haritsa Yuzen', NULL, NULL, NULL, NULL, NULL, NULL, NULL, 111),
(1253, 17101053, 'Hilga Hanistya Saputri', NULL, NULL, NULL, NULL, NULL, NULL, NULL, 112),
(1254, 17101050, 'Jenny Ananda', NULL, NULL, NULL, NULL, NULL, NULL, NULL, 113),
(1255, 17104005, 'Fifi Afiah Luqman', NULL, NULL, NULL, NULL, NULL, NULL, NULL, 114),
(1256, 17101051, 'Mufidah Amalia', NULL, NULL, NULL, NULL, NULL, NULL, NULL, 115),
(1257, 17101049, 'Rihaadatul Aisyi', NULL, NULL, NULL, NULL, NULL, NULL, NULL, 116),
(1258, 17102026, 'Desy Norma Safira', NULL, NULL, NULL, NULL, NULL, NULL, NULL, 117),
(1259, 17104004, 'Annastasha Wahyuningtyas', NULL, NULL, NULL, NULL, NULL, NULL, NULL, 118),
(1260, 17101048, 'Rhifa Azzahra Salsabila', NULL, NULL, NULL, NULL, NULL, NULL, NULL, 119),
(1261, 17102025, 'Indah Alfiarna', NULL, NULL, NULL, NULL, NULL, NULL, NULL, 120),
(1262, 17101047, 'Aulia Nur Asyifa', NULL, NULL, NULL, NULL, NULL, NULL, NULL, 121),
(1263, 17101046, 'Fitria Novianti', NULL, NULL, NULL, NULL, NULL, NULL, NULL, 122),
(1264, 17101045, 'Zakia Chairani Ayudia', NULL, NULL, NULL, NULL, NULL, NULL, NULL, 123),
(1265, 17102024, 'Syifa Aini Puspaning Dew', NULL, NULL, NULL, NULL, NULL, NULL, NULL, 124),
(1266, 17103013, 'Rufatulalawiah', NULL, NULL, NULL, NULL, NULL, NULL, NULL, 125),
(1267, 17102030, 'Nur Ihsannisaa Riyadi', NULL, NULL, NULL, NULL, NULL, NULL, NULL, 126),
(1268, 17101056, 'Nawarendra', NULL, NULL, NULL, NULL, NULL, NULL, NULL, 127),
(1269, 17103014, 'Nur Laila Madinatul Qoir', NULL, NULL, NULL, NULL, NULL, NULL, NULL, 128),
(1270, 17103012, 'Cita Rizki Ananda', NULL, NULL, NULL, NULL, NULL, NULL, NULL, 129),
(1271, 17102029, 'Azifatul Hasanah', NULL, NULL, NULL, NULL, NULL, NULL, NULL, 130),
(1272, 17103009, 'Suci Fauziah', NULL, NULL, NULL, NULL, NULL, NULL, NULL, 131),
(1273, 17103011, 'Ummu Kaltsum', NULL, NULL, NULL, NULL, NULL, NULL, NULL, 132),
(1274, 17102028, 'Salma Rahiimi', NULL, NULL, NULL, NULL, NULL, NULL, NULL, 133),
(1275, 17103018, 'Jihan Noer Evian', NULL, NULL, NULL, NULL, NULL, NULL, NULL, 134),
(1276, 17102035, 'Nabila Ramadiana', NULL, NULL, NULL, NULL, NULL, NULL, NULL, 135),
(1277, 17101070, 'Ashilah Raihanah', NULL, NULL, NULL, NULL, NULL, NULL, NULL, 136),
(1278, 17101072, 'Maulida Jihan Aulia', NULL, NULL, NULL, NULL, NULL, NULL, NULL, 137),
(1279, 17101071, 'Hana Nur Ratih', NULL, NULL, NULL, NULL, NULL, NULL, NULL, 138),
(1280, 17101069, 'Nabilah Ghalisani Fildza', NULL, NULL, NULL, NULL, NULL, NULL, NULL, 139),
(1281, 17102034, 'Rihadatul Aisyi', NULL, NULL, NULL, NULL, NULL, NULL, NULL, 140),
(1282, 17103017, 'Afta Rizky Amalia', NULL, NULL, NULL, NULL, NULL, NULL, NULL, 141),
(1283, 17103016, 'Wening Tyas Nur Anissa', NULL, NULL, NULL, NULL, NULL, NULL, NULL, 142),
(1284, 17101068, 'Farah Hafizhatun Nisa', NULL, NULL, NULL, NULL, NULL, NULL, NULL, 143),
(1285, 17103015, 'Aidatul Afifah Isra', NULL, NULL, NULL, NULL, NULL, NULL, NULL, 144),
(1286, 17101067, 'Hasna Luthfi Khairunnisa', NULL, NULL, NULL, NULL, NULL, NULL, NULL, 145),
(1287, 17101065, 'Salma Shafira Salsabila', NULL, NULL, NULL, NULL, NULL, NULL, NULL, 146),
(1288, 17102033, 'Dias Hanifa Ardhanariswa', NULL, NULL, NULL, NULL, NULL, NULL, NULL, 147),
(1289, 17101066, 'Afifa Rahmi Ihsana', NULL, NULL, NULL, NULL, NULL, NULL, NULL, 148),
(1290, 17104006, 'Adilah Lulu Aprilia Kusu', NULL, NULL, NULL, NULL, NULL, NULL, NULL, 149),
(1291, 17102032, 'Safana Ishlah Madani', NULL, NULL, NULL, NULL, NULL, NULL, NULL, 150),
(1292, 17101064, 'Hana Azahra', NULL, NULL, NULL, NULL, NULL, NULL, NULL, 151),
(1293, 17101061, 'Amalia Hanifah Latief', NULL, NULL, NULL, NULL, NULL, NULL, NULL, 152),
(1294, 17101063, 'Luthfiah Siti Sarah', NULL, NULL, NULL, NULL, NULL, NULL, NULL, 153),
(1295, 17101062, 'Salma Qurrata A', NULL, NULL, NULL, NULL, NULL, NULL, NULL, 154),
(1296, 17101060, 'Irma Rahmani', NULL, NULL, NULL, NULL, NULL, NULL, NULL, 155),
(1297, 17101059, 'Hilda Hidayatul Muwafaqo', NULL, NULL, NULL, NULL, NULL, NULL, NULL, 156),
(1298, 17102031, 'Firyal Arina Salsabila', NULL, NULL, NULL, NULL, NULL, NULL, NULL, 157),
(1299, 17101058, 'Tiara Fatihah Ramadhanti', NULL, NULL, NULL, NULL, NULL, NULL, NULL, 158),
(1300, 17101057, 'Annisa Mutia Ruza', NULL, NULL, NULL, NULL, NULL, NULL, NULL, 159),
(1301, 17101077, 'Hidayatul Azqia', NULL, NULL, NULL, NULL, NULL, NULL, NULL, 160),
(1302, 17101075, 'Aryawati', NULL, NULL, NULL, NULL, NULL, NULL, NULL, 161),
(1303, 17101074, 'Aulia Azka', NULL, NULL, NULL, NULL, NULL, NULL, NULL, 162),
(1304, 17101073, 'Irena Siti Dzahrah Putri', NULL, NULL, NULL, NULL, NULL, NULL, NULL, 163),
(1305, 17103022, 'Anisa Nanda Faisjal', NULL, NULL, NULL, NULL, NULL, NULL, NULL, 164),
(1306, 17102037, 'Yunita Surya Pratiwi', NULL, NULL, NULL, NULL, NULL, NULL, NULL, 165),
(1307, 17102038, 'Mayang Nirwana', NULL, NULL, NULL, NULL, NULL, NULL, NULL, 166),
(1308, 17103021, 'Raehan Fadila', NULL, NULL, NULL, NULL, NULL, NULL, NULL, 167),
(1309, 17103020, 'Annisa Syahidah Mujahida', NULL, NULL, NULL, NULL, NULL, NULL, NULL, 168),
(1310, 17101079, 'Nila Hidayatunnisak', NULL, NULL, NULL, NULL, NULL, NULL, NULL, 169),
(1311, 17102036, 'Hani Khairo Amalia N.a', NULL, NULL, NULL, NULL, NULL, NULL, NULL, 170),
(1312, 17103019, 'Ririn Riani', NULL, NULL, NULL, NULL, NULL, NULL, NULL, 171),
(1313, 17102040, 'Nandya Ahlus Sanah', NULL, NULL, NULL, NULL, NULL, NULL, NULL, 172),
(1314, 17102039, 'Tia Anggraeni Nurdiana', NULL, NULL, NULL, NULL, NULL, NULL, NULL, 173),
(1315, 17101080, 'Mawatu Shalihah Kaily', NULL, NULL, NULL, NULL, NULL, NULL, NULL, 174),
(1316, 17101081, 'Baiq Damayanti Azhar Put', NULL, NULL, NULL, NULL, NULL, NULL, NULL, 175),
(1317, 17102047, 'Anisa Irma Suryani', NULL, NULL, NULL, NULL, NULL, NULL, NULL, 176),
(1318, 17103025, 'Indah Oktaviola', NULL, NULL, NULL, NULL, NULL, NULL, NULL, 177),
(1319, 17102046, 'Umulia Safitri', NULL, NULL, NULL, NULL, NULL, NULL, NULL, 178),
(1320, 17101086, 'Leli Irma Suryani', NULL, NULL, NULL, NULL, NULL, NULL, NULL, 179),
(1321, 17101088, 'Salma Fatimah Az-zahra', NULL, NULL, NULL, NULL, NULL, NULL, NULL, 180),
(1322, 17102045, 'Ania Iqrima Azalia', NULL, NULL, NULL, NULL, NULL, NULL, NULL, 181),
(1323, 17101087, 'Isnafauziahbiljannah', NULL, NULL, NULL, NULL, NULL, NULL, NULL, 182),
(1324, 17103024, 'Nurul Hakim Dwi Yanti', NULL, NULL, NULL, NULL, NULL, NULL, NULL, 183),
(1325, 17102044, 'Riyadotul Mustamiah', NULL, NULL, NULL, NULL, NULL, NULL, NULL, 184),
(1326, 17101085, 'Afini Dwina Andarini', NULL, NULL, NULL, NULL, NULL, NULL, NULL, 185),
(1327, 17101083, 'Riqotu Fuadatuddiniyah', NULL, NULL, NULL, NULL, NULL, NULL, NULL, 186),
(1328, 17102043, 'Aulia Salsabila', NULL, NULL, NULL, NULL, NULL, NULL, NULL, 187),
(1329, 17101084, 'Dea Nabilah', NULL, NULL, NULL, NULL, NULL, NULL, NULL, 188),
(1330, 17102042, 'Sofiya Nadhifah', NULL, NULL, NULL, NULL, NULL, NULL, NULL, 189),
(1331, 17102041, 'Baiq Fathia Zulfahmia', NULL, NULL, NULL, NULL, NULL, NULL, NULL, 190),
(1332, 17103023, 'Muti\'ah Azizah', NULL, NULL, NULL, NULL, NULL, NULL, NULL, 191),
(1333, 17101082, 'Solehah', NULL, NULL, NULL, NULL, NULL, NULL, NULL, 192),
(1334, 17104007, 'Shofi Luthfiana', NULL, NULL, NULL, NULL, NULL, NULL, NULL, 193),
(1335, 17103028, 'Farah Alia Intania Kamil', NULL, NULL, NULL, NULL, NULL, NULL, NULL, 194),
(1336, 17102051, 'Utsman Abdul Hakim', NULL, NULL, NULL, NULL, NULL, NULL, NULL, 195),
(1337, 17101089, 'Izzati Luthfiyya', NULL, NULL, NULL, NULL, NULL, NULL, NULL, 196),
(1338, 17102050, 'Rukiyah Hasibuan', NULL, NULL, NULL, NULL, NULL, NULL, NULL, 197),
(1339, 17102049, 'Novia Lestari', NULL, NULL, NULL, NULL, NULL, NULL, NULL, 198),
(1340, 17101091, 'Vira Asriani', NULL, NULL, NULL, NULL, NULL, NULL, NULL, 199),
(1341, 17103026, 'Leniari', NULL, NULL, NULL, NULL, NULL, NULL, NULL, 200),
(1342, 17101076, 'Baiq Putri Nabila', NULL, NULL, NULL, NULL, NULL, NULL, NULL, 201),
(1343, 17102048, 'Nur Khodijah Khairani', NULL, NULL, NULL, NULL, NULL, NULL, NULL, 202),
(1344, 17102053, 'Ismah Choirunnisa', NULL, NULL, NULL, NULL, NULL, NULL, NULL, 203),
(1345, 17101090, 'Dini Khoerunisa', NULL, NULL, NULL, NULL, NULL, NULL, NULL, 204),
(1346, 17101095, 'Mustova Karim', NULL, NULL, NULL, NULL, NULL, NULL, NULL, 205),
(1347, 17103030, 'Jougie Maulana Triadi', NULL, NULL, NULL, NULL, NULL, NULL, NULL, 206),
(1348, 17101093, 'Haikal Fernanda', NULL, NULL, NULL, NULL, NULL, NULL, NULL, 207),
(1349, 17103029, 'Muhammad Rouman Affan', NULL, NULL, NULL, NULL, NULL, NULL, NULL, 208),
(1350, 17101092, 'Firza Faadhilah Arifian', NULL, NULL, NULL, NULL, NULL, NULL, NULL, 209),
(1351, 17102054, 'Aulia Zahra', NULL, NULL, NULL, NULL, NULL, NULL, NULL, 210),
(1352, 17101103, 'Farid Hidayatullah', NULL, NULL, NULL, NULL, NULL, NULL, NULL, 211),
(1353, 17102052, 'Defender Khoufarobbi', NULL, NULL, NULL, NULL, NULL, NULL, NULL, 212),
(1354, 17101102, 'Ridwan', NULL, NULL, NULL, NULL, NULL, NULL, NULL, 213),
(1355, 17101098, 'Muhamad Rizky Maulana', NULL, NULL, NULL, NULL, NULL, NULL, NULL, 214),
(1356, 17101101, 'Arland Pratama Wijaya', NULL, NULL, NULL, NULL, NULL, NULL, NULL, 215),
(1357, 17101099, 'Affa\' Mahdi', NULL, NULL, NULL, NULL, NULL, NULL, NULL, 216),
(1358, 17101100, 'M Haekal Fajrul Falah', NULL, NULL, NULL, NULL, NULL, NULL, NULL, 217),
(1359, 17101097, 'Abyan Rakhman', NULL, NULL, NULL, NULL, NULL, NULL, NULL, 218),
(1360, 17101094, 'Aza Priambada', NULL, NULL, NULL, NULL, NULL, NULL, NULL, 219),
(1361, 17101096, 'Fauzan Hanif Sukma Pramo', NULL, NULL, NULL, NULL, NULL, NULL, NULL, 220),
(1362, 17101106, 'Muhammad Syahri Ramadani', NULL, NULL, NULL, NULL, NULL, NULL, NULL, 221),
(1363, 17101104, 'Imaduddin Dwi Hananto', NULL, NULL, NULL, NULL, NULL, NULL, NULL, 222),
(1364, 17101118, 'Fahmi Marjuki', NULL, NULL, NULL, NULL, NULL, NULL, NULL, 223),
(1365, 17101117, 'Zubeir Abdul Wahid Chan', NULL, NULL, NULL, NULL, NULL, NULL, NULL, 224),
(1366, 17102060, 'Ghulam Hadi Al Fatah', NULL, NULL, NULL, NULL, NULL, NULL, NULL, 225),
(1367, 17103033, 'Syafii Bin Kadaryono Haf', NULL, NULL, NULL, NULL, NULL, NULL, NULL, 226),
(1368, 17101116, 'Muhamad Lutfi', NULL, NULL, NULL, NULL, NULL, NULL, NULL, 227),
(1369, 17102058, 'Aziz Rachmadji', NULL, NULL, NULL, NULL, NULL, NULL, NULL, 228),
(1370, 17101115, 'Noviyandi Difa Pratama', NULL, NULL, NULL, NULL, NULL, NULL, NULL, 229),
(1371, 17103032, 'Eki', NULL, NULL, NULL, NULL, NULL, NULL, NULL, 230),
(1372, 17101113, 'Sesa Afrian Yahya', NULL, NULL, NULL, NULL, NULL, NULL, NULL, 231),
(1373, 17101111, 'Muhamad Solehudin', NULL, NULL, NULL, NULL, NULL, NULL, NULL, 232),
(1374, 17102057, 'Muh Fathul Mubaraq Ss', NULL, NULL, NULL, NULL, NULL, NULL, NULL, 233),
(1375, 17101114, 'Yody Nur Rachmat', NULL, NULL, NULL, NULL, NULL, NULL, NULL, 234),
(1376, 17101112, 'Zahid Ahmad', NULL, NULL, NULL, NULL, NULL, NULL, NULL, 235),
(1377, 17101109, 'Arta Saiful Hilmi', NULL, NULL, NULL, NULL, NULL, NULL, NULL, 236),
(1378, 17101110, 'Muhammad Rafi\' Firdaus', NULL, NULL, NULL, NULL, NULL, NULL, NULL, 237),
(1379, 17102055, 'Poltak Fathirisi Nurlam', NULL, NULL, NULL, NULL, NULL, NULL, NULL, 238),
(1380, 17102056, 'Yazid Azam', NULL, NULL, NULL, NULL, NULL, NULL, NULL, 239),
(1381, 17103031, 'Luqman Aulia Rizky', NULL, NULL, NULL, NULL, NULL, NULL, NULL, 240),
(1382, 17101108, 'Aziz Guntur Purnamaputra', NULL, NULL, NULL, NULL, NULL, NULL, NULL, 241),
(1383, 17101107, 'Wildan Maulid Hanafi', NULL, NULL, NULL, NULL, NULL, NULL, NULL, 242),
(1384, 17101105, 'Arman Fadil Maulana', NULL, NULL, NULL, NULL, NULL, NULL, NULL, 243),
(1385, 17102062, 'Ramadhani', NULL, NULL, NULL, NULL, NULL, NULL, NULL, 244),
(1386, 17102063, 'Fuadhli Rahman Katam', NULL, NULL, NULL, NULL, NULL, NULL, NULL, 245),
(1387, 17102059, 'Lalu Arya Pringgadani', NULL, NULL, NULL, NULL, NULL, NULL, NULL, 246),
(1388, 17102061, 'Agung Prasetyo Wibowo', NULL, NULL, NULL, NULL, NULL, NULL, NULL, 247),
(1389, 17101127, 'Hanif Dwi Putra', NULL, NULL, NULL, NULL, NULL, NULL, NULL, 248),
(1390, 17101128, 'Zulfitra Hadianto Palwam', NULL, NULL, NULL, NULL, NULL, NULL, NULL, 249),
(1391, 17101124, 'Lalu Rizky Adriansyah', NULL, NULL, NULL, NULL, NULL, NULL, NULL, 250),
(1392, 17101126, 'Difan Nurhafidzar Juanda', NULL, NULL, NULL, NULL, NULL, NULL, NULL, 251),
(1393, 17103037, 'Muhammad Syihabudin', NULL, NULL, NULL, NULL, NULL, NULL, NULL, 252),
(1394, 17103036, 'Miftah Azmi', NULL, NULL, NULL, NULL, NULL, NULL, NULL, 253),
(1395, 17101123, 'Farras Mubasysyirsyah', NULL, NULL, NULL, NULL, NULL, NULL, NULL, 254),
(1396, 17102065, 'Muhammad Islam Assidiq', NULL, NULL, NULL, NULL, NULL, NULL, NULL, 255),
(1397, 17101122, 'Ahlam Nabila', NULL, NULL, NULL, NULL, NULL, NULL, NULL, 256),
(1398, 17101119, 'Fikri Abdurrohman Maajid', NULL, NULL, NULL, NULL, NULL, NULL, NULL, 257),
(1399, 17103035, 'Asril Suwandi', NULL, NULL, NULL, NULL, NULL, NULL, NULL, 258),
(1400, 17101121, 'Khalel Mohammed Amar', NULL, NULL, NULL, NULL, NULL, NULL, NULL, 259),
(1401, 17103034, 'Taufik Nur Maarif', NULL, NULL, NULL, NULL, NULL, NULL, NULL, 260),
(1402, 17101120, 'Alif Limka Firdaus', NULL, NULL, NULL, NULL, NULL, NULL, NULL, 261),
(1403, 17102064, 'Naufal Al Baqir', NULL, NULL, NULL, NULL, NULL, NULL, NULL, 262),
(1404, 17101135, 'Ibnu Rasyid Hamidi', NULL, NULL, NULL, NULL, NULL, NULL, NULL, 263),
(1405, 17103040, 'Ganang Abi Rafianto', NULL, NULL, NULL, NULL, NULL, NULL, NULL, 264),
(1406, 17103039, 'Muhammad Abdillah Dhafaq', NULL, NULL, NULL, NULL, NULL, NULL, NULL, 265),
(1407, 17101133, 'Naufal Ahmad', NULL, NULL, NULL, NULL, NULL, NULL, NULL, 266),
(1408, 17101134, 'Muhammad Zacky Makarim S', NULL, NULL, NULL, NULL, NULL, NULL, NULL, 267),
(1409, 17101132, 'Muhammad Fathan Farizan', NULL, NULL, NULL, NULL, NULL, NULL, NULL, 268),
(1410, 17101130, 'L. M. Cahya Kurnia Harma', NULL, NULL, NULL, NULL, NULL, NULL, NULL, 269),
(1411, 17102068, 'Muhammad Ismail', NULL, NULL, NULL, NULL, NULL, NULL, NULL, 270),
(1412, 17101131, 'Labib Ulwan', NULL, NULL, NULL, NULL, NULL, NULL, NULL, 271),
(1413, 17102067, 'Muhammad Raihan Alfathi', NULL, NULL, NULL, NULL, NULL, NULL, NULL, 272),
(1414, 17102066, 'Muhammad Fadlil Kirom', NULL, NULL, NULL, NULL, NULL, NULL, NULL, 273),
(1415, 17101125, 'Edo Abdulrahim Fattah', NULL, NULL, NULL, NULL, NULL, NULL, NULL, 274),
(1416, 17101129, 'Moh Ala Furqoni', NULL, NULL, NULL, NULL, NULL, NULL, NULL, 275),
(1417, 17103038, 'Muh. Rifky Irsyadi', NULL, NULL, NULL, NULL, NULL, NULL, NULL, 276),
(1418, 17102078, 'Putra Muhammad Riawan Pa', NULL, NULL, NULL, NULL, NULL, NULL, NULL, 277),
(1419, 17103046, 'Ghaznawie Ihyamukti', NULL, NULL, NULL, NULL, NULL, NULL, NULL, 278),
(1420, 17101157, 'Naufal Raditya Krisna', NULL, NULL, NULL, NULL, NULL, NULL, NULL, 279),
(1421, 17101154, 'Faatihan Aulia Azwin', NULL, NULL, NULL, NULL, NULL, NULL, NULL, 280),
(1422, 17102077, 'Khalid Syaifulhaq', NULL, NULL, NULL, NULL, NULL, NULL, NULL, 281),
(1423, 17104008, 'Hilmi Taqiyyudin Aufa', NULL, NULL, NULL, NULL, NULL, NULL, NULL, 282),
(1424, 17101156, 'Hafisz Maulana Rasjid', NULL, NULL, NULL, NULL, NULL, NULL, NULL, 283),
(1425, 17101155, 'Muhammad Haniful Amin', NULL, NULL, NULL, NULL, NULL, NULL, NULL, 284),
(1426, 17101153, 'Hilmy Fikri', NULL, NULL, NULL, NULL, NULL, NULL, NULL, 285),
(1427, 17102076, 'Rakha Aditama Iskandar', NULL, NULL, NULL, NULL, NULL, NULL, NULL, 286),
(1428, 17101152, 'Miftah Faruq Nugraha', NULL, NULL, NULL, NULL, NULL, NULL, NULL, 287),
(1429, 17103044, 'Tariq Mukhlisin', NULL, NULL, NULL, NULL, NULL, NULL, NULL, 288),
(1430, 17102075, 'Muhammad Bukhari Muslim', NULL, NULL, NULL, NULL, NULL, NULL, NULL, 289),
(1431, 17101151, 'Irvan Riyansyah', NULL, NULL, NULL, NULL, NULL, NULL, NULL, 290),
(1432, 17102074, 'Abdul Latif', NULL, NULL, NULL, NULL, NULL, NULL, NULL, 291),
(1433, 17103045, 'Ghazi Ahmad', NULL, NULL, NULL, NULL, NULL, NULL, NULL, 292),
(1434, 17101148, 'Abdullah Haidar', NULL, NULL, NULL, NULL, NULL, NULL, NULL, 293),
(1435, 17102073, 'Farhan Anshori', NULL, NULL, NULL, NULL, NULL, NULL, NULL, 294),
(1436, 17101150, 'Muhammad Puji Pangestu', NULL, NULL, NULL, NULL, NULL, NULL, NULL, 295),
(1437, 17101149, 'Muhammad Rizki Sinar Ila', NULL, NULL, NULL, NULL, NULL, NULL, NULL, 296),
(1438, 17101147, 'Falah Ageng Pakerti', NULL, NULL, NULL, NULL, NULL, NULL, NULL, 297),
(1439, 17101146, 'Iza Fais Saputra', NULL, NULL, NULL, NULL, NULL, NULL, NULL, 298),
(1440, 17102072, 'Muhammad Ivan Firmansyah', NULL, NULL, NULL, NULL, NULL, NULL, NULL, 299),
(1441, 17101145, 'Muhammad Angga Abdullah', NULL, NULL, NULL, NULL, NULL, NULL, NULL, 300),
(1442, 17103043, 'Abdurrahman Kholish', NULL, NULL, NULL, NULL, NULL, NULL, NULL, 301),
(1443, 17101142, 'Reynaldi Wahab', NULL, NULL, NULL, NULL, NULL, NULL, NULL, 302),
(1444, 17102071, 'Rafi\' Muttaqin', NULL, NULL, NULL, NULL, NULL, NULL, NULL, 303),
(1445, 17101144, 'Muhammad Ananda Fajar', NULL, NULL, NULL, NULL, NULL, NULL, NULL, 304),
(1446, 17101143, 'Moch. Lukmannul Hakim', NULL, NULL, NULL, NULL, NULL, NULL, NULL, 305),
(1447, 17101141, 'Ramadhana Devandani Enti', NULL, NULL, NULL, NULL, NULL, NULL, NULL, 306),
(1448, 17101140, 'Adam Nurdiansyah', NULL, NULL, NULL, NULL, NULL, NULL, NULL, 307),
(1449, 17102069, 'Muhammad Zain Ghojali', NULL, NULL, NULL, NULL, NULL, NULL, NULL, 308),
(1450, 17103041, 'Ilham Akbar', NULL, NULL, NULL, NULL, NULL, NULL, NULL, 309),
(1451, 17101139, 'Juan Fadri Ramdhani', NULL, NULL, NULL, NULL, NULL, NULL, NULL, 310),
(1452, 17101138, 'Herdy Almadiptha Rahman', NULL, NULL, NULL, NULL, NULL, NULL, NULL, 311),
(1453, 17103042, 'Ilham Zulkarami Aslam', NULL, NULL, NULL, NULL, NULL, NULL, NULL, 312),
(1454, 17102070, 'Maulana Rizky Septiaji', NULL, NULL, NULL, NULL, NULL, NULL, NULL, 313),
(1455, 17101137, 'Muhammad Denito Bastian', NULL, NULL, NULL, NULL, NULL, NULL, NULL, 314),
(1456, 17101136, 'Muhammad Faisal', NULL, NULL, NULL, NULL, NULL, NULL, NULL, 315),
(1457, 17101166, 'Nurrahman Wira Aji', NULL, NULL, NULL, NULL, NULL, NULL, NULL, 316),
(1458, 17101165, 'Zuhdi Anjari Tigara', NULL, NULL, NULL, NULL, NULL, NULL, NULL, 317),
(1459, 17101164, 'Muhammad.daffa As-syauqi', NULL, NULL, NULL, NULL, NULL, NULL, NULL, 318),
(1460, 17101163, 'Billy Muhammad Fadilah', NULL, NULL, NULL, NULL, NULL, NULL, NULL, 319),
(1461, 17103048, 'Ahmad Kariim Robbani', NULL, NULL, NULL, NULL, NULL, NULL, NULL, 320),
(1462, 17101162, 'Hariz Ilmam Husnan', NULL, NULL, NULL, NULL, NULL, NULL, NULL, 321),
(1463, 17102081, 'Yonasya Esa Kautsarizki', NULL, NULL, NULL, NULL, NULL, NULL, NULL, 322),
(1464, 17102080, 'Perdana Priambudi', NULL, NULL, NULL, NULL, NULL, NULL, NULL, 323),
(1465, 17101161, 'Baso Ratulangi', NULL, NULL, NULL, NULL, NULL, NULL, NULL, 324),
(1466, 17103047, 'Lalu Satria Prayuda', NULL, NULL, NULL, NULL, NULL, NULL, NULL, 325),
(1467, 17102079, 'M. Angga Haryadi', NULL, NULL, NULL, NULL, NULL, NULL, NULL, 326),
(1468, 17101159, 'Ridwan Hasyim', NULL, NULL, NULL, NULL, NULL, NULL, NULL, 327),
(1469, 17101160, 'Rizal Muhammad Fauzan', NULL, NULL, NULL, NULL, NULL, NULL, NULL, 328),
(1470, 17104009, 'Ahmad Atiq Abqari', NULL, NULL, NULL, NULL, NULL, NULL, NULL, 329),
(1471, 17101158, 'Muhammad Nasyith Sholahu', NULL, NULL, NULL, NULL, NULL, NULL, NULL, 330),
(1472, 17101176, 'Muhammad Fadhil Mujahid', NULL, NULL, NULL, NULL, NULL, NULL, NULL, 331),
(1473, 17101175, 'Rayhan Pasa Aryandra', NULL, NULL, NULL, NULL, NULL, NULL, NULL, 332),
(1474, 17102083, 'Tedy Zainul Muttaqin Ibn', NULL, NULL, NULL, NULL, NULL, NULL, NULL, 333),
(1475, 17102082, 'Mochamad Ridho Fahlefi', NULL, NULL, NULL, NULL, NULL, NULL, NULL, 334),
(1476, 17101174, 'Muhammad Fitriana Hasan', NULL, NULL, NULL, NULL, NULL, NULL, NULL, 335),
(1477, 17101171, 'Ferdi Wijaya', NULL, NULL, NULL, NULL, NULL, NULL, NULL, 336),
(1478, 17101172, 'Risang Muhammad', NULL, NULL, NULL, NULL, NULL, NULL, NULL, 337),
(1479, 17101173, 'Muahmmad Hafidz Fathoni', NULL, NULL, NULL, NULL, NULL, NULL, NULL, 338),
(1480, 17101167, 'Moh.yanis Yosfiah', NULL, NULL, NULL, NULL, NULL, NULL, NULL, 339),
(1481, 17101170, 'Azmi Syahid', NULL, NULL, NULL, NULL, NULL, NULL, NULL, 340),
(1482, 17101169, 'Indra Wijaya', NULL, NULL, NULL, NULL, NULL, NULL, NULL, 341),
(1483, 17101168, 'Ilham Akbar Ramadhan', NULL, NULL, NULL, NULL, NULL, NULL, NULL, 342),
(1484, 17101180, 'Dimas Adektama', NULL, NULL, NULL, NULL, NULL, NULL, NULL, 343),
(1485, 17101179, 'Adi Pahlevi', NULL, NULL, NULL, NULL, NULL, NULL, NULL, 344),
(1486, 17102085, 'Nanda Wahyu Noerkamal', NULL, NULL, NULL, NULL, NULL, NULL, NULL, 345),
(1487, 17101178, 'M. Ridwan Saufi', NULL, NULL, NULL, NULL, NULL, NULL, NULL, 346),
(1488, 17102084, 'Abid Rahmatullah', NULL, NULL, NULL, NULL, NULL, NULL, NULL, 347),
(1489, 17103049, 'Reno Meizanggi', NULL, NULL, NULL, NULL, NULL, NULL, NULL, 348),
(1490, 17101177, 'Muhammad Diaz Advani', NULL, NULL, NULL, NULL, NULL, NULL, NULL, 349),
(1491, 17101182, 'Renaldi Septiawan', NULL, NULL, NULL, NULL, NULL, NULL, NULL, 350),
(1492, 17101183, 'Ilham Muhammad Ghifari', NULL, NULL, NULL, NULL, NULL, NULL, NULL, 351),
(1493, 17102086, 'Orde Leo Al Fathur', NULL, NULL, NULL, NULL, NULL, NULL, NULL, 352),
(1494, 17101181, 'M.farid', NULL, NULL, NULL, NULL, NULL, NULL, NULL, 353),
(1495, 17101184, 'Ramadan Arudi Satyagraha', NULL, NULL, NULL, NULL, NULL, NULL, NULL, 354),
(1496, 17101185, 'Muhammad Iqbal', NULL, NULL, NULL, NULL, NULL, NULL, NULL, 355),
(1497, 17101187, 'Ahmad Hilmi Jamaludin', NULL, NULL, NULL, NULL, NULL, NULL, NULL, 356),
(1498, 17101189, 'Muhammad Farhan Maulana', NULL, NULL, NULL, NULL, NULL, NULL, NULL, 357),
(1499, 17101188, 'Azka Muharam', NULL, NULL, NULL, NULL, NULL, NULL, NULL, 358),
(1500, 17103052, 'Zidan Muhammad Qushay', NULL, NULL, NULL, NULL, NULL, NULL, NULL, 359),
(1501, 17104010, 'Taufiq Ismail', NULL, NULL, NULL, NULL, NULL, NULL, NULL, 360),
(1502, 17101186, 'Nabil Nur Salsabil', NULL, NULL, NULL, NULL, NULL, NULL, NULL, 361),
(1503, 17103050, 'Akmal Mahira Setiawan', NULL, NULL, NULL, NULL, NULL, NULL, NULL, 362),
(1504, 17102087, 'Muhammad Faishal Hilman', NULL, NULL, NULL, NULL, NULL, NULL, NULL, 363),
(1505, 17101190, 'Muhammad Rasyid Ridha', NULL, NULL, NULL, NULL, NULL, NULL, NULL, 364),
(2010, 17102088, 'Faliza Hafidhotul F', NULL, NULL, NULL, NULL, NULL, NULL, NULL, 365),
(2029, 17101225, 'Afka Qoriyanto', NULL, NULL, NULL, NULL, NULL, NULL, NULL, 366),
(2030, 17101217, 'Alfariq Riansyah', NULL, NULL, NULL, NULL, NULL, NULL, NULL, 367),
(2031, 17101216, 'Anto Wijaya', NULL, NULL, NULL, NULL, NULL, NULL, NULL, 368),
(2032, 17101210, 'Eko Saputra', NULL, NULL, NULL, NULL, NULL, NULL, NULL, 369),
(2033, 17101223, 'Fahri', NULL, NULL, NULL, NULL, NULL, NULL, NULL, 370),
(2034, 17101221, 'Febby Kurniawan', NULL, NULL, NULL, NULL, NULL, NULL, NULL, 371),
(2035, 17101219, 'Holili', NULL, NULL, NULL, NULL, NULL, NULL, NULL, 372),
(2036, 17101226, 'Imam', NULL, NULL, NULL, NULL, NULL, NULL, NULL, 373),
(2037, 17101220, 'Jodi Prasetyo', NULL, NULL, NULL, NULL, NULL, NULL, NULL, 374),
(2038, 17102095, 'M Rizal', NULL, NULL, NULL, NULL, NULL, NULL, NULL, 375),
(2039, 17101208, 'Muhamad Arjum', NULL, NULL, NULL, NULL, NULL, NULL, NULL, 376),
(2040, 17103053, 'Rahmanda', NULL, NULL, NULL, NULL, NULL, NULL, NULL, 377),
(2041, 17102091, 'Rangga Wijaya', NULL, NULL, NULL, NULL, NULL, NULL, NULL, 378),
(2042, 17103057, 'Rayzandy Gunawan', NULL, NULL, NULL, NULL, NULL, NULL, NULL, 379),
(2043, 17101204, 'Renaldi', NULL, NULL, NULL, NULL, NULL, NULL, NULL, 380),
(2044, 17101212, 'Riyan Erwinsyah', NULL, NULL, NULL, NULL, NULL, NULL, NULL, 381),
(2045, 17101211, 'Robi Permana', NULL, NULL, NULL, NULL, NULL, NULL, NULL, 382),
(2046, 17102093, 'Saptiadi', NULL, NULL, NULL, NULL, NULL, NULL, NULL, 383),
(2047, 17101233, 'Qomardiansyah', NULL, NULL, NULL, NULL, NULL, NULL, NULL, 384),
(2048, 17101195, 'Mikal Mufid Asdika', NULL, NULL, NULL, NULL, NULL, NULL, NULL, 385),
(2049, 17101203, 'Jihad Nabil Rafif Mahdi', NULL, NULL, NULL, NULL, NULL, NULL, NULL, 386),
(2051, 17101193, 'Feydhul Qodir Muwaffaq', NULL, NULL, NULL, NULL, NULL, NULL, NULL, 387),
(2052, 17101192, 'Rangga Adithiya', NULL, NULL, NULL, NULL, NULL, NULL, NULL, 388),
(2053, 17101207, 'Ashmita Merry Anggreini', NULL, NULL, NULL, NULL, NULL, NULL, NULL, 389),
(2054, 17102090, 'Asih Purminta', NULL, NULL, NULL, NULL, NULL, NULL, NULL, 390),
(2055, 17101227, 'Ayu Lestari', NULL, NULL, NULL, NULL, NULL, NULL, NULL, 391),
(2056, 17101229, 'Dessy Kurnia Ramadhanti', NULL, NULL, NULL, NULL, NULL, NULL, NULL, 392),
(2057, 17102094, 'Dwi Eldia Oktaviani', NULL, NULL, NULL, NULL, NULL, NULL, NULL, 393),
(2058, 17101214, 'Eka Pratiwi', NULL, NULL, NULL, NULL, NULL, NULL, NULL, 394),
(2059, 17103060, 'Fitri Nursari', NULL, NULL, NULL, NULL, NULL, NULL, NULL, 395),
(2060, 17101228, 'Gressy Aurellia', NULL, NULL, NULL, NULL, NULL, NULL, NULL, 396),
(2061, 17103061, 'Holmi', NULL, NULL, NULL, NULL, NULL, NULL, NULL, 397),
(2062, 17101231, 'Ismi Yati Azis', NULL, NULL, NULL, NULL, NULL, NULL, NULL, 398),
(2063, 17101230, 'Kana Nurrohma', NULL, NULL, NULL, NULL, NULL, NULL, NULL, 399),
(2064, 17101209, 'Kirana Dewi Nouriand', NULL, NULL, NULL, NULL, NULL, NULL, NULL, 400),
(2065, 17103054, 'Lilis Diana', NULL, NULL, NULL, NULL, NULL, NULL, NULL, 401),
(2066, 17101218, 'Maemunah', NULL, NULL, NULL, NULL, NULL, NULL, NULL, 402),
(2067, 17101222, 'Omiyuka', NULL, NULL, NULL, NULL, NULL, NULL, NULL, 403),
(2068, 17103056, 'Ovi Tri Astuti', NULL, NULL, NULL, NULL, NULL, NULL, NULL, 404),
(2069, 17102092, 'Putri Faradiba', NULL, NULL, NULL, NULL, NULL, NULL, NULL, 405),
(2070, 17104011, 'Rana Wulandari', NULL, NULL, NULL, NULL, NULL, NULL, NULL, 406),
(2071, 17101224, 'Rini Anggreni', NULL, NULL, NULL, NULL, NULL, NULL, NULL, 407),
(2072, 17103055, 'Riska Wijayanti', NULL, NULL, NULL, NULL, NULL, NULL, NULL, 408),
(2073, 17103059, 'Sifa Aprilia', NULL, NULL, NULL, NULL, NULL, NULL, NULL, 409),
(2074, 17101232, 'Silvia Afri Wulanti', NULL, NULL, NULL, NULL, NULL, NULL, NULL, 410),
(2075, 17101206, 'Sumaria', NULL, NULL, NULL, NULL, NULL, NULL, NULL, 411),
(2076, 17101215, 'Surni Meiyanti', NULL, NULL, NULL, NULL, NULL, NULL, NULL, 412),
(2077, 17103058, 'Tina Fitasari', NULL, NULL, NULL, NULL, NULL, NULL, NULL, 413),
(2078, 17101205, 'Yulisandri', NULL, NULL, NULL, NULL, NULL, NULL, NULL, 414),
(2079, 17101213, 'Yusriyanti', NULL, NULL, NULL, NULL, NULL, NULL, NULL, 415),
(2080, 17101194, 'Elisa', NULL, NULL, NULL, NULL, NULL, NULL, NULL, 416),
(2081, 17102089, 'Nabila Farha', NULL, NULL, NULL, NULL, NULL, NULL, NULL, 417),
(2082, 17103062, 'Sella Septiani K', NULL, NULL, NULL, NULL, NULL, NULL, NULL, 418),
(2083, 17103051, 'Juheri', NULL, NULL, NULL, NULL, NULL, NULL, NULL, 419);

-- --------------------------------------------------------

--
-- Table structure for table `m_binaan`
--

CREATE TABLE `m_binaan` (
  `id_pembina` int(11) NOT NULL,
  `id_mahasiswa` int(11) NOT NULL
) ENGINE=InnoDB DEFAULT CHARSET=latin1;

-- --------------------------------------------------------

--
-- Table structure for table `pembina`
--

CREATE TABLE `pembina` (
  `id_pembina` int(11) NOT NULL,
  `nama` varchar(35) NOT NULL,
  `j_kelamin` varchar(15) DEFAULT NULL,
  `tgl_lahir` date NOT NULL,
  `gelar` varchar(10) DEFAULT NULL,
  `asalkota` varchar(20) DEFAULT NULL,
  `email` varchar(35) NOT NULL,
  `telp` varchar(13) NOT NULL,
  `avatar` varchar(100) DEFAULT NULL,
  `id_user` int(11) NOT NULL
) ENGINE=InnoDB DEFAULT CHARSET=latin1;

--
-- Dumping data for table `pembina`
--

INSERT INTO `pembina` (`id_pembina`, `nama`, `j_kelamin`, `tgl_lahir`, `gelar`, `asalkota`, `email`, `telp`, `avatar`, `id_user`) VALUES
(18, 'Bintang Pamuncak', 'Ikhwan', '2017-11-10', 'S.Ei', 'Semarang', 'bintang@tazkia.ac.id', '0859473235', NULL, 21),
(19, 'Hayatul Mujadidah', 'Akhwat', '2017-11-14', 'S.Ei', 'Sukabumi', 'aya@tazkia.ac.id', '081654812', NULL, 22),
(20, 'Rizky Akbar Cholilullah', 'Ikhwan', '2017-12-13', 'S.Ei', 'Pekalongan', 'rizky_akbar@tazkia.ac.id', '0816384924', NULL, 24),
(21, 'Rian Alfiansyah', 'Ikhwan', '2017-12-20', 'S.Ei', 'Tasikmalaya', 'rian@tazkia.ac.id', '0856483922', NULL, 25),
(22, 'Adita Dyah Asokawati', 'Akhwat', '2017-12-28', 'S.E', 'Bogor', 'adita@tazkia.ac.id', '08127384924', NULL, 26),
(23, 'Riyan Ariyandi', 'Ikhwan', '2017-12-08', 'S.Pd', 'Riau', 'riyan.ariyandi@tazkia.ac.id', '0812474829', NULL, 27),
(24, 'Rizqan Abadi', 'Ikhwan', '2017-12-22', 'S.Pd', 'Lombok', 'rizqan@tazkia.ac.id', '0857382844', NULL, 28),
(25, 'Sofi', 'Akhwat', '2017-12-11', 'S.Pd', 'Palembang', 'sofi@tazkia.ac.id', '0896473824', NULL, 29),
(26, 'Diva Azka Karimah', 'Akhwat', '2017-12-13', 'S.E', 'Jakarta', 'diva@tazkia.ac.id', '0812758382', NULL, 30),
(27, 'Nashrudin Al-Huda', 'Ikhwan', '2017-12-20', 'S.E', 'Semarang', 'huda@tazkia.ac.id', '0856738232', NULL, 31),
(28, 'Alfin', 'Ikhwan', '2017-12-16', 'S.E', 'Banten', 'alfin@tazkia.ac.id', '0856738283', NULL, 32);

-- --------------------------------------------------------

--
-- Table structure for table `shalat`
--

CREATE TABLE `shalat` (
  `id_mahasiswa` int(11) DEFAULT NULL,
  `tanggal` date DEFAULT NULL,
  `wkt_tapping` time DEFAULT NULL,
  `wkt_shalat` varchar(7) DEFAULT NULL
) ENGINE=InnoDB DEFAULT CHARSET=latin1;

-- --------------------------------------------------------

--
-- Table structure for table `tesmhs`
--

CREATE TABLE `tesmhs` (
  `id` varchar(10) NOT NULL,
  `nim` varchar(50) NOT NULL,
  `nama` varchar(50) NOT NULL
) ENGINE=InnoDB DEFAULT CHARSET=latin1;

--
-- Dumping data for table `tesmhs`
--

INSERT INTO `tesmhs` (`id`, `nim`, `nama`) VALUES
('1745', '17201015', '17201015'),
('1432', '17102074', 'Abdul Latif'),
('1434', '17101148', 'Abdullah Haidar'),
('1442', '17103043', 'Abdurrahman Kholish'),
('1488', '17102084', 'Abid Rahmatullah'),
('1359', '17101097', 'Abyan Rakhman'),
('1448', '17101140', 'Adam Nurdiansyah'),
('1485', '17101179', 'Adi Pahlevi'),
('1197', '17103003', 'Adila Nur Islamiaty'),
('1290', '17104006', 'Adilah Lulu Aprilia Kusu'),
('1251', '17102027', 'Adilia Nurul Zahra'),
('1236', '17102022', 'Adinda Salsabila'),
('1357', '17101099', 'Affa\' Mahdi'),
('1289', '17101066', 'Afifa Rahmi Ihsana'),
('1326', '17101085', 'Afini Dwina Andarini'),
('2029', '17101225', 'Afka Qoriyanto'),
('1282', '17103017', 'Afta Rizky Amalia'),
('1388', '17102061', 'Agung Prasetyo Wibowo'),
('1397', '17101122', 'Ahlam Nabila'),
('1470', '17104009', 'Ahmad Atiq Abqari'),
('1497', '17101187', 'Ahmad Hilmi Jamaludin'),
('1461', '17103048', 'Ahmad Kariim Robbani'),
('1285', '17103015', 'Aidatul Afifah Isra'),
('1179', '17104002', 'Aisyah As-salafiyah'),
('1503', '17103050', 'Akmal Mahira Setiawan'),
('2030', '17', 'Alfariq Riansyah'),
('1402', '17101120', 'Alif Limka Firdaus'),
('1243', '17101040', 'Alin Duani'),
('1234', '17101044', 'Alma Widiyanti'),
('1293', '17101061', 'Amalia Hanifah Latief'),
('1322', '17102045', 'Ania Iqrima Azalia'),
('1317', '17102047', 'Anisa Irma Suryani'),
('1305', '17103022', 'Anisa Nanda Faisjal'),
('1212', '17101023', 'Anisah Afifah'),
('1259', '17104004', 'Annastasha Wahyuningtyas'),
('1300', '17101057', 'Annisa Mutia Ruza'),
('1309', '17103020', 'Annisa Syahidah Mujahida'),
('2031', '17101216', 'Anto Wijaya'),
('1239', '17102021', 'Arda Prawi Agustanti'),
('1356', '17101101', 'Arland Pratama Wijaya'),
('1384', '17101105', 'Arman Fadil Maulana'),
('1377', '17101109', 'Arta Saiful Hilmi'),
('1302', '17101075', 'Aryawati'),
('1277', '17101070', 'Ashilah Raihanah'),
('2053', '17101207', 'Ashmita Merry Anggreini'),
('2054', '17102090', 'Asih Purminta'),
('1207', '17101018', 'Asphia Sahiba'),
('1200', '17101015', 'Asri Nurazhari Putrimant'),
('1399', '17103035', 'Asril Suwandi'),
('1247', '17101038', 'Assyifa Nur Aziza'),
('1206', '17101017', 'Atika Sundari'),
('1303', '17101074', 'Aulia Azka'),
('1262', '17101047', 'Aulia Nur Asyifa'),
('1328', '17102043', 'Aulia Salsabila'),
('1351', '17102054', 'Aulia Zahra'),
('1231', '17103004', 'Ayu Dini Hastuti'),
('2055', '17101227', 'Ayu Lestari'),
('1360', '17101094', 'Aza Priambada'),
('1271', '17102029', 'Azifatul Hasanah'),
('1382', '17101108', 'Aziz Guntur Purnamaputra'),
('1369', '17102058', 'Aziz Rachmadji'),
('1499', '17101188', 'Azka Muharam'),
('1481', '17101170', 'Azmi Syahid'),
('1316', '17101081', 'Baiq Damayanti Azhar Put'),
('1331', '17102041', 'Baiq Fathia Zulfahmia'),
('1342', '17101076', 'Baiq Putri Nabila'),
('1465', '17101161', 'Baso Ratulangi'),
('1460', '17101163', 'Billy Muhammad Fadilah'),
('1270', '17103012', 'Cita Rizki Ananda'),
('1229', '17102018', 'Dara Ayu Kusuma Ningrum'),
('1329', '17101084', 'Dea Nabilah'),
('1353', '17102052', 'Defender Khoufarobbi'),
('2056', '17101229', 'Dessy Kurnia Ramadhanti'),
('1258', '17102026', 'Desy Norma Safira'),
('1288', '17102033', 'Dias Hanifa Ardhanariswa'),
('1392', '17101126', 'Difan Nurhafidzar Juanda'),
('1484', '17101180', 'Dimas Adektama'),
('1213', '17101024', 'Dinda Nur Maulidah'),
('1345', '17101090', 'Dini Khoerunisa'),
('2057', '17102094', 'Dwi Eldia Oktaviani'),
('1245', '17102020', 'Dwika Noviana'),
('1415', '17101125', 'Edo Abdulrahim Fattah'),
('1230', '17102019', 'Eka Nursyahfitri'),
('2058', '17101214', 'Eka Pratiwi'),
('1371', '17103032', 'Eki'),
('2032', '17101210', 'Eko Saputra'),
('2080', '17101194', 'Elisa'),
('1198', '17101013', 'Ella Wandania'),
('1421', '17101154', 'Faatihan Aulia Azwin'),
('1364', '17101118', 'Fahmi Marjuki'),
('2033', '17101223', 'Fahri'),
('1182', '17101008', 'Faizah Taufik'),
('1204', '17102014', 'Fajriati Noer Hidayah'),
('1438', '17101147', 'Falah Ageng Pakerti'),
('2010', '17102088', 'Faliza Hafidhotul F'),
('1196', '17102011', 'Fannia Mauludiyah Fachru'),
('1335', '17103028', 'Farah Alia Intania Kamil'),
('1284', '17101068', 'Farah Hafizhatun Nisa'),
('1435', '17102073', 'Farhan Anshori'),
('1352', '17101103', 'Farid Hidayatullah'),
('1395', '17101123', 'Farras Mubasysyirsyah'),
('1227', '17102016', 'Fatimah Tuzzahroh'),
('1361', '17101096', 'Fauzan Hanif Sukma Pramo'),
('2034', '17101221', 'Febby Kurniawan'),
('1240', '17101041', 'Felia Rizkiana'),
('1477', '17101171', 'Ferdi Wijaya'),
('2051', '17101193', 'Feydhul Qodir Muwaffaq'),
('1255', '17104005', 'Fifi Afiah Luqman'),
('1250', '17101054', 'Fiki Hijjatun Nada'),
('1398', '17101119', 'Fikri Abdurrohman Maajid'),
('1298', '17102031', 'Firyal Arina Salsabila'),
('1350', '17101092', 'Firza Faadhilah Arifian'),
('2059', '17103060', 'Fitri Nursari'),
('1263', '17101046', 'Fitria Novianti'),
('1386', '17102063', 'Fuadhli Rahman Katam'),
('1405', '17103040', 'Ganang Abi Rafianto'),
('1433', '17103045', 'Ghazi Ahmad'),
('1419', '17103046', 'Ghaznawie Ihyamukti'),
('1241', '17101042', 'Ghina Lintang Azizah'),
('1366', '17102060', 'Ghulam Hadi Al Fatah'),
('2060', '17101228', 'Gressy Aurellia'),
('1252', '17101052', 'Haanii Haritsa Yuzen'),
('1424', '17101156', 'Hafisz Maulana Rasjid'),
('1348', '17101093', 'Haikal Fernanda'),
('1292', '17101064', 'Hana Azahra'),
('1279', '17101071', 'Hana Nur Ratih'),
('1235', '17101043', 'Hana Raisa Fahira'),
('1174', '17101003', 'Hanapi Muslim'),
('1311', '17102036', 'Hani Khairo Amalia N.a'),
('1389', '17101127', 'Hanif Dwi Putra'),
('1226', '17101037', 'Hanifah Salsabilla'),
('1462', '17101162', 'Hariz Ilmam Husnan'),
('1286', '17101067', 'Hasna Luthfi Khairunnisa'),
('1452', '17101138', 'Herdy Almadiptha Rahman'),
('1301', '17101077', 'Hidayatul Azqia'),
('1297', '17101059', 'Hilda Hidayatul Muwafaqo'),
('1253', '17101053', 'Hilga Hanistya Saputri'),
('1423', '17104008', 'Hilmi Taqiyyudin Aufa'),
('1426', '17101153', 'Hilmy Fikri'),
('1177', '17101005', 'Hilwa Fitri Millenia'),
('2035', '17101219', 'Holili'),
('2061', '17103061', 'Holmi'),
('1175', '17102002', 'Ibnu Hibban Hartono'),
('1404', '17101135', 'Ibnu Rasyid Hamidi'),
('1450', '17103041', 'Ilham Akbar'),
('1483', '17101168', 'Ilham Akbar Ramadhan'),
('1492', '17101183', 'Ilham Muhammad Ghifari'),
('1453', '17103042', 'Ilham Zulkarami Aslam'),
('1363', '17101104', 'Imaduddin Dwi Hananto'),
('2036', '17101226', 'Imam'),
('1261', '17102025', 'Indah Alfiarna'),
('1318', '17103025', 'Indah Oktaviola'),
('1482', '17101169', 'Indra Wijaya'),
('1304', '17101073', 'Irena Siti Dzahrah Putri'),
('1296', '17101060', 'Irma Rahmani'),
('1431', '17101151', 'Irvan Riyansyah'),
('1344', '17102053', 'Ismah Choirunnisa'),
('2062', '17101231', 'Ismi Yati Azis'),
('1323', '17101087', 'Isnafauziahbiljannah'),
('1439', '17101146', 'Iza Fais Saputra'),
('1337', '17101089', 'Izzati Luthfiyya'),
('1254', '17101050', 'Jenny Ananda'),
('2049', '17101203', 'Jihad Nabil Rafif Mahdi'),
('1275', '17103018', 'Jihan Noer Evian'),
('2037', '17101220', 'Jodi Prasetyo'),
('1347', '17103030', 'Jougie Maulana Triadi'),
('1451', '17101139', 'Juan Fadri Ramdhani'),
('2083', '17103051', 'Juheri'),
('2063', '17101230', 'Kana Nurrohma'),
('1400', '17101121', 'Khalel Mohammed Amar'),
('1422', '17102077', 'Khalid Syaifulhaq'),
('2064', '17101209', 'Kirana Dewi Nouriand'),
('1410', '17101130', 'L. M. Cahya Kurnia Harma'),
('1412', '17101131', 'Labib Ulwan'),
('1387', '17102059', 'Lalu Arya Pringgadani'),
('1391', '17101124', 'Lalu Rizky Adriansyah'),
('1466', '17103047', 'Lalu Satria Prayuda'),
('1320', '17101086', 'Leli Irma Suryani'),
('1341', '17103026', 'Leniari'),
('2065', '17103054', 'Lilis Diana'),
('1242', '17103007', 'Lisa Anita Pratiwi'),
('1381', '17103031', 'Luqman Aulia Rizky'),
('1180', '17101006', 'Luthfia Luhuringkania'),
('1237', '17102023', 'Luthfiah Khairunisa'),
('1294', '17101063', 'Luthfiah Siti Sarah'),
('1358', '17101100', 'M Haekal Fajrul Falah'),
('2038', '17102095', 'M Rizal'),
('1467', '17102079', 'M. Angga Haryadi'),
('1487', '17101178', 'M. Ridwan Saufi'),
('1494', '17101181', 'M.farid'),
('2066', '17101218', 'Maemunah'),
('1219', '17101030', 'Maida Fitri Yani'),
('1201', '17101016', 'Mala Mareta'),
('1178', '17102003', 'Mas Ichsan Nurhayati'),
('1454', '17102070', 'Maulana Rizky Septiaji'),
('1278', '17101072', 'Maulida Jihan Aulia'),
('1202', '17102012', 'Maulida Nur Safitri'),
('1315', '17101080', 'Mawatu Shalihah Kaily'),
('1307', '17102038', 'Mayang Nirwana'),
('1186', '17103001', 'Meilisa'),
('1193', '17102008', 'Melati Hasna Abidah'),
('1394', '17103036', 'Miftah Azmi'),
('1428', '17101152', 'Miftah Faruq Nugraha'),
('2048', '17101195', 'Mikal Mufid Asdika'),
('1446', '17101143', 'Moch. Lukmannul Hakim'),
('1475', '17102082', 'Mochamad Ridho Fahlefi'),
('1416', '17101129', 'Moh Ala Furqoni'),
('1480', '17101167', 'Moh.yanis Yosfiah'),
('1479', '17101173', 'Muahmmad Hafidz Fathoni'),
('1256', '17101051', 'Mufidah Amalia'),
('1374', '17102057', 'Muh Fathul Mubaraq Ss'),
('1417', '17103038', 'Muh. Rifky Irsyadi'),
('2039', '17101208', 'Muhamad Arjum'),
('1368', '17101116', 'Muhamad Lutfi'),
('1355', '17101098', 'Muhamad Rizky Maulana'),
('1373', '17101111', 'Muhamad Solehudin'),
('1406', '17103039', 'Muhammad Abdillah Dhafaq'),
('1445', '17101144', 'Muhammad Ananda Fajar'),
('1441', '17101145', 'Muhammad Angga Abdullah'),
('1430', '17102075', 'Muhammad Bukhari Muslim'),
('1455', '17101137', 'Muhammad Denito Bastian'),
('1490', '17101177', 'Muhammad Diaz Advani'),
('1472', '17101176', 'Muhammad Fadhil Mujahid'),
('1414', '17102066', 'Muhammad Fadlil Kirom'),
('1456', '17101136', 'Muhammad Faisal'),
('1504', '17102087', 'Muhammad Faishal Hilman'),
('1498', '17101189', 'Muhammad Farhan Maulana'),
('1409', '17101132', 'Muhammad Fathan Farizan'),
('1476', '17101174', 'Muhammad Fitriana Hasan'),
('1425', '17101155', 'Muhammad Haniful Amin'),
('1496', '17101185', 'Muhammad Iqbal'),
('1396', '17102065', 'Muhammad Islam Assidiq'),
('1411', '17102068', 'Muhammad Ismail'),
('1440', '17102072', 'Muhammad Ivan Firmansyah'),
('1471', '17101158', 'Muhammad Nasyith Sholahu'),
('1436', '17101150', 'Muhammad Puji Pangestu'),
('1378', '17101110', 'Muhammad Rafi\' Firdaus'),
('1413', '17102067', 'Muhammad Raihan Alfathi'),
('1505', '17101190', 'Muhammad Rasyid Ridha'),
('1437', '17101149', 'Muhammad Rizki Sinar Ila'),
('1349', '17103029', 'Muhammad Rouman Affan'),
('1362', '17101106', 'Muhammad Syahri Ramadani'),
('1393', '17103037', 'Muhammad Syihabudin'),
('1408', '17101134', 'Muhammad Zacky Makarim S'),
('1449', '17102069', 'Muhammad Zain Ghojali'),
('1459', '17101164', 'Muhammad.daffa As-syauqi'),
('1346', '17101095', 'Mustova Karim'),
('1332', '17103023', 'Muti\'ah Azizah'),
('1223', '17101034', 'Mutiara Lailla Ramadhini'),
('1205', '17102015', 'Mutya Nurya Ningsih'),
('1188', '17101009', 'Muyassaroh'),
('1502', '17101186', 'Nabil Nur Salsabil'),
('2081', '17102089', 'Nabila Farha'),
('1218', '17101029', 'Nabila Kinanty Aqilla'),
('1276', '17102035', 'Nabila Ramadiana'),
('1280', '17101069', 'Nabilah Ghalisani Fildza'),
('1225', '17101036', 'Nafira Fitri Ayu Widadar'),
('1238', '17104003', 'Naimatul Kurniah'),
('1486', '17102085', 'Nanda Wahyu Noerkamal'),
('1313', '17102040', 'Nandya Ahlus Sanah'),
('1407', '17101133', 'Naufal Ahmad'),
('1403', '17102064', 'Naufal Al Baqir'),
('1420', '17101157', 'Naufal Raditya Krisna'),
('1268', '17101056', 'Nawarendra'),
('1310', '17101079', 'Nila Hidayatunnisak'),
('1339', '17102049', 'Novia Lestari'),
('1370', '17101115', 'Noviyandi Difa Pratama'),
('1232', '17103005', 'Nur Azizah Pulungan'),
('1222', '17101033', 'Nur Halimah'),
('1267', '17102030', 'Nur Ihsannisaa Riyadi'),
('1183', '17101010', 'Nur Jamilah'),
('1343', '17102048', 'Nur Khodijah Khairani'),
('1199', '17101014', 'Nur Kintan Maharani'),
('1269', '17103014', 'Nur Laila Madinatul Qoir'),
('1192', '17102007', 'Nurma Hermila'),
('1457', '17101166', 'Nurrahman Wira Aji'),
('1324', '17103024', 'Nurul Hakim Dwi Yanti'),
('1221', '17101032', 'Nurul \'Izzah Addiini'),
('1246', '17101039', 'Nurul Ramdhany'),
('2067', '17101222', 'Omiyuka'),
('1493', '17102086', 'Orde Leo Al Fathur'),
('2068', '17103056', 'Ovi Tri Astuti'),
('1464', '17102080', 'Perdana Priambudi'),
('1379', '17102055', 'Poltak Fathirisi Nurlam'),
('1418', '17102078', 'Putra Muhammad Riawan Pa'),
('1190', '17101012', 'Putri Ananda'),
('2069', '17102092', 'Putri Faradiba'),
('2047', '17101233', 'Qomardiansyah'),
('1308', '17103021', 'Raehan Fadila'),
('1444', '17102071', 'Rafi\' Muttaqin'),
('1248', '17103010', 'Rahmaiola Raissa Aziza'),
('2040', '17103053', 'Rahmanda'),
('1210', '17101021', 'Rahmi Muflihah Abroni'),
('1427', '17102076', 'Rakha Aditama Iskandar'),
('1495', '17101184', 'Ramadan Arudi Satyagraha'),
('1447', '17101141', 'Ramadhana Devandani Enti'),
('1385', '17102062', 'Ramadhani'),
('2070', '17104011', 'Rana Wulandari'),
('2052', '17101192', 'Rangga Adithiya'),
('2041', '17102091', 'Rangga Wijaya'),
('1191', '17102006', 'Rasyifa Salsabilla'),
('1473', '17101175', 'Rayhan Pasa Aryandra'),
('2042', '17103057', 'Rayzandy Gunawan'),
('1181', '17101007', 'Regina Zahra'),
('2043', '17101204', 'Renaldi'),
('1491', '17101182', 'Renaldi Septiawan'),
('1489', '17103049', 'Reno Meizanggi'),
('1443', '17101142', 'Reynaldi Wahab'),
('1260', '17101048', 'Rhifa Azzahra Salsabila'),
('1354', '17101102', 'Ridwan'),
('1468', '17101159', 'Ridwan Hasyim'),
('1257', '17101049', 'Rihaadatul Aisyi'),
('1281', '17102034', 'Rihadatul Aisyi'),
('1216', '17101027', 'Rika Ra\'idah Dwicahyani'),
('2071', '17101224', 'Rini Anggreni'),
('1327', '17101083', 'Riqotu Fuadatuddiniyah'),
('1312', '17103019', 'Ririn Riani'),
('1478', '17101172', 'Risang Muhammad'),
('2072', '17103055', 'Riska Wijayanti'),
('1325', '17102044', 'Riyadotul Mustamiah'),
('2044', '17101212', 'Riyan Erwinsyah'),
('1469', '17101160', 'Rizal Muhammad Fauzan'),
('2045', '17101211', 'Robi Permana'),
('1249', '17101055', 'Rossdinna Nurul Rizqi'),
('1266', '17103013', 'Rufatulalawiah'),
('1338', '17102050', 'Rukiyah Hasibuan'),
('1209', '17101020', 'Sabrina Elsa Firdatul Ja'),
('1291', '17102032', 'Safana Ishlah Madani'),
('1195', '17102010', 'Sakinah Zahra'),
('1176', '17101004', 'Salma Dliya Fuady'),
('1321', '17101088', 'Salma Fatimah Az-zahra'),
('1184', '17102004', 'Salma Nabilah Salsabil'),
('1295', '17101062', 'Salma Qurrata A'),
('1274', '17102028', 'Salma Rahiimi'),
('1287', '17101065', 'Salma Shafira Salsabila'),
('1194', '17102009', 'Salsabila'),
('1208', '17101019', 'Salsabila Putri Sekar Ut'),
('2046', '17102093', 'Saptiadi'),
('1224', '17101035', 'Sausan Raniah Asy Syahid'),
('1228', '17102017', 'Sekar Rizky Amalia Suher'),
('2082', '17103062', 'Sella Septiani K'),
('1372', '17101113', 'Sesa Afrian Yahya'),
('1334', '17104007', 'Shofi Luthfiana'),
('2073', '17103059', 'Sifa Aprilia'),
('2074', '17101232', 'Silvia Afri Wulanti'),
('1211', '17101022', 'Sintia Monica'),
('1330', '17102042', 'Sofiya Nadhifah'),
('1333', '17101082', 'Solehah'),
('1272', '17103009', 'Suci Fauziah'),
('2075', '17101206', 'Sumaria'),
('2076', '17101215', 'Surni Meiyanti'),
('1367', '17103033', 'Syafii Bin Kadaryono Haf'),
('1233', '17103006', 'Syahila'),
('1214', '17101025', 'Syanindita Ananda Riana'),
('1244', '17103008', 'Syara Nur Fatimah'),
('1265', '17102024', 'Syifa Aini Puspaning Dew'),
('1220', '17101031', 'Syifa Qolbi Amalia'),
('1429', '17103044', 'Tariq Mukhlisin'),
('1203', '17102013', 'Tasya Aulia Damayanti'),
('1401', '17103034', 'Taufik Nur Maarif'),
('1501', '17104010', 'Taufiq Ismail'),
('1474', '17102083', 'Tedy Zainul Muttaqin Ibn'),
('1314', '17102039', 'Tia Anggraeni Nurdiana'),
('1299', '17101058', 'Tiara Fatihah Ramadhanti'),
('2077', '17103058', 'Tina Fitasari'),
('1273', '17103011', 'Ummu Kaltsum'),
('1319', '17102046', 'Umulia Safitri'),
('1336', '17102051', 'Utsman Abdul Hakim'),
('1340', '17101091', 'Vira Asriani'),
('1217', '17101028', 'Wahyuni Utami'),
('1185', '17102005', 'Wardatul Fadhilah'),
('1283', '17103016', 'Wening Tyas Nur Anissa'),
('1383', '17101107', 'Wildan Maulid Hanafi'),
('1380', '17102056', 'Yazid Azam'),
('1375', '17101114', 'Yody Nur Rachmat'),
('1463', '17102081', 'Yonasya Esa Kautsarizki'),
('2078', '17101205', 'Yulisandri'),
('1306', '17102037', 'Yunita Surya Pratiwi'),
('2079', '17101213', 'Yusriyanti'),
('1189', '17101011', 'Zafarina Zati Hulwani'),
('1376', '17101112', 'Zahid Ahmad'),
('1215', '17101026', 'Zahidah Rahmah'),
('1187', '17103002', 'Zahra Shafira'),
('1264', '17101045', 'Zakia Chairani Ayudia'),
('1500', '17103052', 'Zidan Muhammad Qushay'),
('1365', '17101117', 'Zubeir Abdul Wahid Chan'),
('1458', '17101165', 'Zuhdi Anjari Tigara'),
('1390', '17101128', 'Zulfitra Hadianto Palwam');

-- --------------------------------------------------------

--
-- Table structure for table `tesshalat`
--

CREATE TABLE `tesshalat` (
  `angkatan` int(11) NOT NULL,
  `dari_tgl` date NOT NULL,
  `sampai_tgl` date NOT NULL
) ENGINE=InnoDB DEFAULT CHARSET=latin1;

--
-- Dumping data for table `tesshalat`
--

INSERT INTO `tesshalat` (`angkatan`, `dari_tgl`, `sampai_tgl`) VALUES
(15, '2018-03-20', '2018-03-27'),
(17, '2018-03-21', '2018-03-27'),
(16, '2018-03-01', '2018-03-31'),
(17, '0000-00-00', '0000-00-00'),
(15, '0000-00-00', '0000-00-00'),
(16, '0000-00-00', '0000-00-00'),
(17, '2018-03-01', '2018-03-31'),
(15, '2018-03-21', '2018-03-27'),
(17, '2018-03-21', '2018-03-27');

-- --------------------------------------------------------

--
-- Table structure for table `users`
--

CREATE TABLE `users` (
  `id_user` int(11) NOT NULL,
  `username` varchar(30) NOT NULL,
  `password` varchar(50) NOT NULL,
  `level` int(11) NOT NULL,
  `last_login` datetime NOT NULL
) ENGINE=InnoDB DEFAULT CHARSET=latin1;

--
-- Dumping data for table `users`
--

INSERT INTO `users` (`id_user`, `username`, `password`, `level`, `last_login`) VALUES
(1, 'admin', 'admin', 0, '2018-03-12 08:11:33'),
(2, 'derry', 'derry123', 2, '2018-03-28 09:25:45'),
(21, 'bintang', 'bintang123', 3, '2018-03-12 08:11:09'),
(22, 'aya', 'aya123', 3, '2017-12-02 16:23:35'),
(23, 'hasan', 'hasan123', 2, '2017-11-30 17:06:08'),
(24, 'rizky@tazkia.ac.id', 'rizy123', 3, '0000-00-00 00:00:00'),
(25, 'rian', 'rian123', 3, '2018-03-12 08:09:33'),
(26, 'adita', 'adita123', 3, '0000-00-00 00:00:00'),
(27, 'riyan', 'riyan123', 3, '2018-03-12 08:10:45'),
(28, 'rizqan', 'rizqan123', 3, '0000-00-00 00:00:00'),
(29, 'sofi', 'sofi123', 3, '2017-12-02 21:28:17'),
(30, 'diva', 'diva123', 3, '0000-00-00 00:00:00'),
(31, 'huda', 'huda123', 3, '2017-12-02 21:27:39'),
(32, 'alfin', 'alfin123', 3, '0000-00-00 00:00:00'),
(33, '17101003', 'jj13449ZJn28i6', 4, '0000-00-00 00:00:00'),
(34, '17102002', 'b62IlF4clDwcR7', 4, '0000-00-00 00:00:00'),
(35, '17101004', '49iCBX5Mu76Nhn', 4, '0000-00-00 00:00:00'),
(36, '17101005', 'DBTZ353D2WX7j0', 4, '0000-00-00 00:00:00'),
(37, '17102003', '5Y735myKG1qr64', 4, '0000-00-00 00:00:00'),
(38, '17104002', 's9G76E4R01KCOM', 4, '0000-00-00 00:00:00'),
(39, '17101006', 'b8b1wEdv8rdu5f', 4, '0000-00-00 00:00:00'),
(40, '17101007', '7szv0mm0M84KRs', 4, '0000-00-00 00:00:00'),
(41, '17101008', 'kL0nVC724085iQ', 4, '0000-00-00 00:00:00'),
(42, '17101010', '01XxAV7SAnR8GT', 4, '0000-00-00 00:00:00'),
(43, '17102004', 'jiAXwEz1x8a61s', 4, '0000-00-00 00:00:00'),
(44, '17102005', 'Md7RMd73Y449N0', 4, '0000-00-00 00:00:00'),
(45, '17103001', '1O0q51wE5nQTo9', 4, '0000-00-00 00:00:00'),
(46, '17103002', 'Db8q62c97Q606J', 4, '0000-00-00 00:00:00'),
(47, '17101009', 'Uczo4A548Ww0Ki', 4, '0000-00-00 00:00:00'),
(48, '17101011', 'Fyg0mpG7O66LE8', 4, '0000-00-00 00:00:00'),
(49, '17101012', '9VS84frqYPH92J', 4, '0000-00-00 00:00:00'),
(50, '17102006', 'U043N8ebPP7Z5N', 4, '0000-00-00 00:00:00'),
(51, '17102007', 'uhmzl6e6VfD423', 4, '0000-00-00 00:00:00'),
(52, '17102008', '9aD3GFTy51m1h1', 4, '0000-00-00 00:00:00'),
(53, '17102009', 'C2m2p7d9pHfE4a', 4, '0000-00-00 00:00:00'),
(54, '17102010', 'Rc09IER5rOvt0i', 4, '0000-00-00 00:00:00'),
(55, '17102011', '06C5jr1oogb85n', 4, '0000-00-00 00:00:00'),
(56, '17103003', '4uIzHEZ3x3eN7e', 4, '0000-00-00 00:00:00'),
(57, '17101013', 'e4Rgvm1AHo4g4v', 4, '0000-00-00 00:00:00'),
(58, '17101014', '4G7J23Wf5561EV', 4, '0000-00-00 00:00:00'),
(59, '17101015', 'a9bmba544v94cu', 4, '0000-00-00 00:00:00'),
(60, '17101016', '34033l1OJN7cQw', 4, '0000-00-00 00:00:00'),
(61, '17102012', 'E3NWvvcN4Wld6z', 4, '0000-00-00 00:00:00'),
(62, '17102013', 'yw4LwoDXXDx8r2', 4, '0000-00-00 00:00:00'),
(63, '17102014', '1Qf7g84Iku2If9', 4, '0000-00-00 00:00:00'),
(64, '17102015', 'vJz5Sv7qTIu4g7', 4, '0000-00-00 00:00:00'),
(65, '17101017', 'q9nfaBd1CBC1n2', 4, '0000-00-00 00:00:00'),
(66, '17101018', 'lLpO4XOik8NgGc', 4, '0000-00-00 00:00:00'),
(67, '17101019', '3ElS2gVMy97VC5', 4, '0000-00-00 00:00:00'),
(68, '17101020', 'i7iu923gM29aMN', 4, '0000-00-00 00:00:00'),
(69, '17101021', '8rTkYdNiLOqwnv', 4, '0000-00-00 00:00:00'),
(70, '17101022', 'zzs57Mfsgop6eR', 4, '0000-00-00 00:00:00'),
(71, '17101023', 'TYf4lNGNO1peZ9', 4, '0000-00-00 00:00:00'),
(72, '17101024', '8ipe7jJJ1IsbG4', 4, '0000-00-00 00:00:00'),
(73, '17101025', 'ojcm1PhaVsIofN', 4, '0000-00-00 00:00:00'),
(74, '17101026', '1VSM9zR64I99I7', 4, '0000-00-00 00:00:00'),
(75, '17101027', 'WKc4445JDjXP67', 4, '0000-00-00 00:00:00'),
(76, '17101028', '1Rnhqmt3szvQy1', 4, '0000-00-00 00:00:00'),
(77, '17101029', '7Ap2vc8wwEud6j', 4, '0000-00-00 00:00:00'),
(78, '17101030', 'w0VV7HJVZY5PlK', 4, '0000-00-00 00:00:00'),
(79, '17101031', '17hxoZsIh28NvA', 4, '0000-00-00 00:00:00'),
(80, '17101032', '6IdJD7VUX2nXY5', 4, '0000-00-00 00:00:00'),
(81, '17101033', 'F274M16ww0ZsLT', 4, '0000-00-00 00:00:00'),
(82, '17101034', 'rc7od079GK8PB0', 4, '0000-00-00 00:00:00'),
(83, '17101035', '22jyp61wX99Ssc', 4, '0000-00-00 00:00:00'),
(84, '17101036', 'M7JawAjsLZOrnt', 4, '0000-00-00 00:00:00'),
(85, '17101037', 'g3oU2K6Rj2eQsi', 4, '0000-00-00 00:00:00'),
(86, '17102016', '387BYo88x8Y47o', 4, '0000-00-00 00:00:00'),
(87, '17102017', '363TlZ4Quy6KhL', 4, '0000-00-00 00:00:00'),
(88, '17102018', '4to3AO75C2Fa0H', 4, '0000-00-00 00:00:00'),
(89, '17102019', 'dJA0rFKnYQ23tg', 4, '0000-00-00 00:00:00'),
(90, '17103004', 'D33367T231w7n8', 4, '0000-00-00 00:00:00'),
(91, '17103005', '6d41QGjo00btZ5', 4, '0000-00-00 00:00:00'),
(92, '17103006', '013paSA7zQgLrU', 4, '0000-00-00 00:00:00'),
(93, '17101044', 'l565v4cICS1lGC', 4, '0000-00-00 00:00:00'),
(94, '17101043', '0xn60133Lti456', 4, '0000-00-00 00:00:00'),
(95, '17102022', 'Kk740vGA0VXHSa', 4, '0000-00-00 00:00:00'),
(96, '17102023', 'yj105mW6Xo8Lr6', 4, '0000-00-00 00:00:00'),
(97, '17104003', '32l1J5iE5dwe8o', 4, '0000-00-00 00:00:00'),
(98, '17102021', '1B7332kdEf9Lne', 4, '0000-00-00 00:00:00'),
(99, '17101041', 'P407ld2skl72vZ', 4, '0000-00-00 00:00:00'),
(100, '17101042', '1nA3hNEBYsc0E6', 4, '0000-00-00 00:00:00'),
(101, '17103007', 'rr31LjQ5LSS848', 4, '0000-00-00 00:00:00'),
(102, '17101040', 'GY7xX2Zn71Fd48', 4, '0000-00-00 00:00:00'),
(103, '17103008', 'Rr62KzoWchnS88', 4, '0000-00-00 00:00:00'),
(104, '17102020', 'G6V4G18Z2I06f8', 4, '0000-00-00 00:00:00'),
(105, '17101039', '57D3tIBxi2UNed', 4, '0000-00-00 00:00:00'),
(106, '17101038', '3w8QqsJq3b4A5V', 4, '0000-00-00 00:00:00'),
(107, '17103010', 'GTWV7nESDEQUuV', 4, '0000-00-00 00:00:00'),
(108, '17101055', 'fbK0L837842SO0', 4, '0000-00-00 00:00:00'),
(109, '17101054', '8276675DsrurVK', 4, '0000-00-00 00:00:00'),
(110, '17102027', 'Rf8brApp0Knu4H', 4, '0000-00-00 00:00:00'),
(111, '17101052', '1YIaS98vFUa679', 4, '0000-00-00 00:00:00'),
(112, '17101053', 'q4e7C8u1q4Z8SH', 4, '0000-00-00 00:00:00'),
(113, '17101050', 'ks5Wf2DkFcPt87', 4, '0000-00-00 00:00:00'),
(114, '17104005', 'dOn3uO6su9mgHV', 4, '0000-00-00 00:00:00'),
(115, '17101051', 'J132dV84CylU7p', 4, '0000-00-00 00:00:00'),
(116, '17101049', 'h7SF2q8t4418ai', 4, '0000-00-00 00:00:00'),
(117, '17102026', 'GdnG55r4A9C774', 4, '0000-00-00 00:00:00'),
(118, '17104004', '2y2jI333m5RaXw', 4, '0000-00-00 00:00:00'),
(119, '17101048', 'n4v1hY4VLQs0U2', 4, '0000-00-00 00:00:00'),
(120, '17102025', '9o5UN6r6b9JCAq', 4, '0000-00-00 00:00:00'),
(121, '17101047', '1975m1akPC167c', 4, '0000-00-00 00:00:00'),
(122, '17101046', 'C24Eu579g19k16', 4, '0000-00-00 00:00:00'),
(123, '17101045', '129ocxDo9h59mU', 4, '0000-00-00 00:00:00'),
(124, '17102024', 'yNA0rhn1R714z3', 4, '0000-00-00 00:00:00'),
(125, '17103013', 'tu1m3d71DMtcY5', 4, '0000-00-00 00:00:00'),
(126, '17102030', '33T9uQ9Yb25Z4Z', 4, '0000-00-00 00:00:00'),
(127, '17101056', 'C7PMrT8tjM35I3', 4, '0000-00-00 00:00:00'),
(128, '17103014', 'TjucQwb606Niu8', 4, '0000-00-00 00:00:00'),
(129, '17103012', 'LdMvz365758q66', 4, '0000-00-00 00:00:00'),
(130, '17102029', 'Gg5a39zY1H8fvc', 4, '0000-00-00 00:00:00'),
(131, '17103009', 'R7LS2KZ1Bx3Lc5', 4, '0000-00-00 00:00:00'),
(132, '17103011', '10IXzp9Nk70tX3', 4, '0000-00-00 00:00:00'),
(133, '17102028', '82u346rtFV8AKe', 4, '0000-00-00 00:00:00'),
(134, '17103018', '2W2332A0h3vqeA', 4, '0000-00-00 00:00:00'),
(135, '17102035', 'vsp6fdvPP527U0', 4, '0000-00-00 00:00:00'),
(136, '17101070', '2T6u6xH4I41k93', 4, '0000-00-00 00:00:00'),
(137, '17101072', '4Ehd2235pv68zy', 4, '0000-00-00 00:00:00'),
(138, '17101071', 'q4mc6z6zu39U98', 4, '0000-00-00 00:00:00'),
(139, '17101069', '64t3168569MZ8A', 4, '0000-00-00 00:00:00'),
(140, '17102034', 'd5888x4SXBDXRM', 4, '0000-00-00 00:00:00'),
(141, '17103017', '53jj30o4542r4R', 4, '0000-00-00 00:00:00'),
(142, '17103016', '32mL5zIxNH1IbY', 4, '0000-00-00 00:00:00'),
(143, '17101068', 'eIEcjGWGS9m893', 4, '0000-00-00 00:00:00'),
(144, '17103015', 'LmCw3tyyQ7GD7m', 4, '0000-00-00 00:00:00'),
(145, '17101067', 'QsLpD9d44v1K2a', 4, '0000-00-00 00:00:00'),
(146, '17101065', 'gyu0ompHo27K32', 4, '0000-00-00 00:00:00'),
(147, '17102033', 'gl46ozKShykGXv', 4, '0000-00-00 00:00:00'),
(148, '17101066', 'mCUF8yP4w47LN1', 4, '0000-00-00 00:00:00'),
(149, '17104006', '70gO6OL35X2AE9', 4, '0000-00-00 00:00:00'),
(150, '17102032', 'qWQ01gTF1j9bR3', 4, '0000-00-00 00:00:00'),
(151, '17101064', '0n7isA476580XK', 4, '0000-00-00 00:00:00'),
(152, '17101061', 'bmiq3pRmq4xCDx', 4, '0000-00-00 00:00:00'),
(153, '17101063', 'pq73n8MH8Fkau0', 4, '0000-00-00 00:00:00'),
(154, '17101062', 'w80b6g1gpAuGYg', 4, '0000-00-00 00:00:00'),
(155, '17101060', 'G57k0w1VlRn9B2', 4, '0000-00-00 00:00:00'),
(156, '17101059', 'dYgEkXMNWUz2E1', 4, '0000-00-00 00:00:00'),
(157, '17102031', '4YkY048Fq345D4', 4, '0000-00-00 00:00:00'),
(158, '17101058', '48SWD03NDoW7s7', 4, '0000-00-00 00:00:00'),
(159, '17101057', '8W57Y2f8B0a22q', 4, '0000-00-00 00:00:00'),
(160, '17101077', 'g3DGf73Bp2OD9l', 4, '0000-00-00 00:00:00'),
(161, '17101075', 'j92P8bSD8hpKDv', 4, '0000-00-00 00:00:00'),
(162, '17101074', 'IPU4t579DZom1V', 4, '0000-00-00 00:00:00'),
(163, '17101073', 'XY3cztIyQ8J656', 4, '0000-00-00 00:00:00'),
(164, '17103022', '8lR63Ok32V8BNJ', 4, '0000-00-00 00:00:00'),
(165, '17102037', '9Mr5Xd8646cV2f', 4, '0000-00-00 00:00:00'),
(166, '17102038', '3iDuBMq8EJALsm', 4, '0000-00-00 00:00:00'),
(167, '17103021', 'U4g4s054Rz0689', 4, '0000-00-00 00:00:00'),
(168, '17103020', 'e2RGcM8h8n3019', 4, '0000-00-00 00:00:00'),
(169, '17101079', 'J4eTc9wQ05B3E8', 4, '0000-00-00 00:00:00'),
(170, '17102036', 'su5417v6u5Ww2s', 4, '0000-00-00 00:00:00'),
(171, '17103019', 'e2ndGF8oM4o5Uo', 4, '0000-00-00 00:00:00'),
(172, '17102040', 'g3Bgc6qtuGv25P', 4, '0000-00-00 00:00:00'),
(173, '17102039', 'iKsq8gkL1ri7xH', 4, '0000-00-00 00:00:00'),
(174, '17101080', 'POTiTHPT39NgFh', 4, '0000-00-00 00:00:00'),
(175, '17101081', 'iMG3Z2RG9n33qg', 4, '0000-00-00 00:00:00'),
(176, '17102047', '6G64phar0w4M81', 4, '0000-00-00 00:00:00'),
(177, '17103025', 'G0g4W4gAo4m17w', 4, '0000-00-00 00:00:00'),
(178, '17102046', 'VhYJVN2YWF3vRj', 4, '0000-00-00 00:00:00'),
(179, '17101086', 'QTF2F6Isg8412W', 4, '0000-00-00 00:00:00'),
(180, '17101088', 'r4IvAX8G24e8l9', 4, '0000-00-00 00:00:00'),
(181, '17102045', 'zhNBN0vFuSRt4I', 4, '0000-00-00 00:00:00'),
(182, '17101087', 'Z1F5Yq626uM83J', 4, '0000-00-00 00:00:00'),
(183, '17103024', 'mieDj4byG7HZG5', 4, '0000-00-00 00:00:00'),
(184, '17102044', 'yKh717lt73W5X8', 4, '0000-00-00 00:00:00'),
(185, '17101085', '9nMWcZo1uyAOdK', 4, '0000-00-00 00:00:00'),
(186, '17101083', 'p8Fgxk1U4M84xa', 4, '0000-00-00 00:00:00'),
(187, '17102043', 'w8uh945HY47Y09', 4, '0000-00-00 00:00:00'),
(188, '17101084', 'oh3VFVdfE8z20j', 4, '0000-00-00 00:00:00'),
(189, '17102042', 'b99EY8n4178k6v', 4, '0000-00-00 00:00:00'),
(190, '17102041', '5OFe3Aso5lFH0J', 4, '0000-00-00 00:00:00'),
(191, '17103023', 'Z307ETk80nX6B8', 4, '0000-00-00 00:00:00'),
(192, '17101082', 'Q5qznWIec5NuP4', 4, '0000-00-00 00:00:00'),
(193, '17104007', 'a2Q5700iRSLrb3', 4, '0000-00-00 00:00:00'),
(194, '17103028', '35ma58KilS55v8', 4, '0000-00-00 00:00:00'),
(195, '17102051', '0AVfidYLcgl001', 4, '0000-00-00 00:00:00'),
(196, '17101089', 'MOE6BnlrcXVj5z', 4, '0000-00-00 00:00:00'),
(197, '17102050', 'r5y0601lGPA7U9', 4, '0000-00-00 00:00:00'),
(198, '17102049', 'X4uCUl983E0i5M', 4, '0000-00-00 00:00:00'),
(199, '17101091', 'RFdu8603gKR83E', 4, '0000-00-00 00:00:00'),
(200, '17103026', 'tP087hZ55U49kz', 4, '0000-00-00 00:00:00'),
(201, '17101076', '32Q5G4lfwOqs17', 4, '0000-00-00 00:00:00'),
(202, '17102048', 'ab2DX9928wm02B', 4, '0000-00-00 00:00:00'),
(203, '17102053', 'Y0quQ76yeY7E7z', 4, '0000-00-00 00:00:00'),
(204, '17101090', 'tuQ7Shb3vj1Nz2', 4, '0000-00-00 00:00:00'),
(205, '17101095', 'n0aO71S574rauC', 4, '0000-00-00 00:00:00'),
(206, '17103030', 'D9f3UmCeBrrn3q', 4, '0000-00-00 00:00:00'),
(207, '17101093', 'D7iUt9AnsOv1vo', 4, '0000-00-00 00:00:00'),
(208, '17103029', 'zBw2s9574SDg3a', 4, '0000-00-00 00:00:00'),
(209, '17101092', 'Q71KN9N0eS2kUn', 4, '0000-00-00 00:00:00'),
(210, '17102054', '1zSF4CL1OU99zO', 4, '0000-00-00 00:00:00'),
(211, '17101103', '5WYqvg55Ssh6q0', 4, '0000-00-00 00:00:00'),
(212, '17102052', 'OwWGF6Z0jtD5E9', 4, '0000-00-00 00:00:00'),
(213, '17101102', '9VGoIadLq6NUSZ', 4, '0000-00-00 00:00:00'),
(214, '17101098', 'Id7Ot7nNkq3D26', 4, '0000-00-00 00:00:00'),
(215, '17101101', 'lFfPlp4Fcr7K27', 4, '0000-00-00 00:00:00'),
(216, '17101099', 'W5SLrb888j6R28', 4, '0000-00-00 00:00:00'),
(217, '17101100', 'Mo1H89rZKwV09D', 4, '0000-00-00 00:00:00'),
(218, '17101097', '8MSHky1K329G40', 4, '0000-00-00 00:00:00'),
(219, '17101094', '6IaV7ckUVezm0X', 4, '0000-00-00 00:00:00'),
(220, '17101096', 'pnd995p3xVe5Cq', 4, '0000-00-00 00:00:00'),
(221, '17101106', 'JX0bSBx9V7zR1S', 4, '0000-00-00 00:00:00'),
(222, '17101104', 'pJ5yGmh57C13S6', 4, '0000-00-00 00:00:00'),
(223, '17101118', 'NUsEI3xI71B6Qu', 4, '0000-00-00 00:00:00'),
(224, '17101117', '2GAeHLBe293Grn', 4, '0000-00-00 00:00:00'),
(225, '17102060', 'z3Rj32JIOME9OL', 4, '0000-00-00 00:00:00'),
(226, '17103033', 'g8wdE979b8CP4R', 4, '0000-00-00 00:00:00'),
(227, '17101116', 'vSL477UP7L1Iw5', 4, '0000-00-00 00:00:00'),
(228, '17102058', 'QD1p284GzghW51', 4, '0000-00-00 00:00:00'),
(229, '17101115', 'kza58Q53U25X4Y', 4, '0000-00-00 00:00:00'),
(230, '17103032', 'F7eWk6w1JT02ZO', 4, '0000-00-00 00:00:00'),
(231, '17101113', 'wK48Ru4JL7a92H', 4, '0000-00-00 00:00:00'),
(232, '17101111', 'lL76s4CgiVd88Y', 4, '0000-00-00 00:00:00'),
(233, '17102057', 'N6t1EMJYOHHVwQ', 4, '0000-00-00 00:00:00'),
(234, '17101114', 'Z2S2I0i45N17wy', 4, '0000-00-00 00:00:00'),
(235, '17101112', '8C494A39o2k1sB', 4, '0000-00-00 00:00:00'),
(236, '17101109', 'nt64sC6eq5E4Oy', 4, '0000-00-00 00:00:00'),
(237, '17101110', '244HNeZl4F41UE', 4, '0000-00-00 00:00:00'),
(238, '17102055', 'd1fHiq4IX0yK7r', 4, '0000-00-00 00:00:00'),
(239, '17102056', 'D9X8pEitVDzZIV', 4, '0000-00-00 00:00:00'),
(240, '17103031', 'TdnO5LxkY856b2', 4, '0000-00-00 00:00:00'),
(241, '17101108', 'UklPXC68pcMr5L', 4, '0000-00-00 00:00:00'),
(242, '17101107', 'Lmb4PDN1Icll5m', 4, '0000-00-00 00:00:00'),
(243, '17101105', 'Xtia64zj04tv79', 4, '0000-00-00 00:00:00'),
(244, '17102062', 'P1765kVo6n5088', 4, '0000-00-00 00:00:00'),
(245, '17102063', '90RQDT6d31cn6H', 4, '0000-00-00 00:00:00'),
(246, '17102059', 'giJJoy2qBOw6ls', 4, '0000-00-00 00:00:00'),
(247, '17102061', '0IP661XfFrUfgc', 4, '0000-00-00 00:00:00'),
(248, '17101127', '547Po4b3fTr260', 4, '0000-00-00 00:00:00'),
(249, '17101128', 'hQ3y6g0B48WfnO', 4, '0000-00-00 00:00:00'),
(250, '17101124', 'Gj3pSb6NyJU289', 4, '0000-00-00 00:00:00'),
(251, '17101126', 'W8gl3C3cKd60v4', 4, '0000-00-00 00:00:00'),
(252, '17103037', 'i2f1962D839Tdy', 4, '0000-00-00 00:00:00'),
(253, '17103036', 'iufzEk726Q1Dy5', 4, '0000-00-00 00:00:00'),
(254, '17101123', 'cfJ9e9n396mm3u', 4, '0000-00-00 00:00:00'),
(255, '17102065', 'NRQW67cw8lBRcE', 4, '0000-00-00 00:00:00'),
(256, '17101122', 'Qg61d569fR06Hm', 4, '0000-00-00 00:00:00'),
(257, '17101119', 'bDeX1Ix9gYRhwc', 4, '0000-00-00 00:00:00'),
(258, '17103035', 'QZ5PDs0VcAx1Ct', 4, '0000-00-00 00:00:00'),
(259, '17101121', 'TY0X9M6378LW8X', 4, '0000-00-00 00:00:00'),
(260, '17103034', '9DtdJ6H3CMHN5r', 4, '0000-00-00 00:00:00'),
(261, '17101120', 'c5wZSK61aXw46X', 4, '0000-00-00 00:00:00'),
(262, '17102064', 'M9UGI30QOMB04L', 4, '0000-00-00 00:00:00'),
(263, '17101135', 'wJ3f3ikru1J5l1', 4, '0000-00-00 00:00:00'),
(264, '17103040', 'M9LXli87LYWUQ0', 4, '0000-00-00 00:00:00'),
(265, '17103039', 'Zg33WiT19MI07I', 4, '0000-00-00 00:00:00'),
(266, '17101133', '3gqv2wUI78E028', 4, '0000-00-00 00:00:00'),
(267, '17101134', 'QTO6RFjUfP8WT3', 4, '0000-00-00 00:00:00'),
(268, '17101132', 'n3n53cwAZuL46W', 4, '0000-00-00 00:00:00'),
(269, '17101130', 'C35rb9629eoiHI', 4, '0000-00-00 00:00:00'),
(270, '17102068', 'JD1GP7fPyB6d3Q', 4, '0000-00-00 00:00:00'),
(271, '17101131', 'IZr8U057NgEst6', 4, '0000-00-00 00:00:00'),
(272, '17102067', 'V5413x5nYgM7dh', 4, '0000-00-00 00:00:00'),
(273, '17102066', 'QfJlS39e8Qqm31', 4, '0000-00-00 00:00:00'),
(274, '17101125', '4kX4LRR086O622', 4, '0000-00-00 00:00:00'),
(275, '17101129', 'nh5DGxnWIP36YI', 4, '0000-00-00 00:00:00'),
(276, '17103038', '0lI9EXtzF68VSh', 4, '0000-00-00 00:00:00'),
(277, '17102078', 'tQUf2t9Yn4GGz6', 4, '0000-00-00 00:00:00'),
(278, '17103046', 'da928z8vQvsUNe', 4, '0000-00-00 00:00:00'),
(279, '17101157', 'Vq1951x8sMiy8Z', 4, '0000-00-00 00:00:00'),
(280, '17101154', 'MQ25BK7nh3y90F', 4, '0000-00-00 00:00:00'),
(281, '17102077', '4046tkqgHp2a9M', 4, '0000-00-00 00:00:00'),
(282, '17104008', '7Nrc11P9YIyFTf', 4, '0000-00-00 00:00:00'),
(283, '17101156', 'H2gO3x73WFWi4m', 4, '0000-00-00 00:00:00'),
(284, '17101155', 'ScV236q0rH9LZE', 4, '0000-00-00 00:00:00'),
(285, '17101153', '7N9704EUG1cN65', 4, '0000-00-00 00:00:00'),
(286, '17102076', '3OW819J2U2LFa9', 4, '0000-00-00 00:00:00'),
(287, '17101152', 'JLY7bzf0ZcmM5H', 4, '0000-00-00 00:00:00'),
(288, '17103044', 'G07t9e28cyZsP8', 4, '0000-00-00 00:00:00'),
(289, '17102075', 'fTrqbI79J3OSHa', 4, '0000-00-00 00:00:00'),
(290, '17101151', 'wzl1sunyqukxdr', 4, '0000-00-00 00:00:00'),
(291, '17102074', 'DNd7ek2x76ac3r', 4, '0000-00-00 00:00:00'),
(292, '17103045', '9jiKz7qIQydA56', 4, '0000-00-00 00:00:00'),
(293, '17101148', '670401kS63mOC0', 4, '0000-00-00 00:00:00'),
(294, '17102073', 'W2s5gkTmrOPlm7', 4, '0000-00-00 00:00:00'),
(295, '17101150', 'M8Ge06HIwI65i7', 4, '0000-00-00 00:00:00'),
(296, '17101149', 'pW5X4m5J1q6E15', 4, '0000-00-00 00:00:00'),
(297, '17101147', 'g5FSt96O11YwJh', 4, '0000-00-00 00:00:00'),
(298, '17101146', 'ZnS8jk822Idgf6', 4, '0000-00-00 00:00:00'),
(299, '17102072', 'FMy07xM8E89JXc', 4, '0000-00-00 00:00:00'),
(300, '17101145', '752TQs4eZA9GGI', 4, '0000-00-00 00:00:00'),
(301, '17103043', '4I9cZ156MAfnOr', 4, '0000-00-00 00:00:00'),
(302, '17101142', 'c0h6DfC2GWpqWQ', 4, '0000-00-00 00:00:00'),
(303, '17102071', 'bu3IOZ2eaaVy2K', 4, '0000-00-00 00:00:00'),
(304, '17101144', 'AOtK6hp2O28J7Y', 4, '0000-00-00 00:00:00'),
(305, '17101143', 'ztk7L65I39YyEe', 4, '0000-00-00 00:00:00'),
(306, '17101141', '65XUo7X1Is39ju', 4, '0000-00-00 00:00:00'),
(307, '17101140', 'J15XY8BEruvS5R', 4, '0000-00-00 00:00:00'),
(308, '17102069', '33YLID6iQjKfGh', 4, '0000-00-00 00:00:00'),
(309, '17103041', '5GF6PoK1h7B9gc', 4, '0000-00-00 00:00:00'),
(310, '17101139', 'x3Lz7sBq4DxtgD', 4, '0000-00-00 00:00:00'),
(311, '17101138', '482vE6wTWM5zzN', 4, '0000-00-00 00:00:00'),
(312, '17103042', '6L42Ja5l5tCCM7', 4, '0000-00-00 00:00:00'),
(313, '17102070', '5raZ3lFmd00DsC', 4, '0000-00-00 00:00:00'),
(314, '17101137', '8GuRMCOQD04tZL', 4, '0000-00-00 00:00:00'),
(315, '17101136', '8J954Sg3Un13Wj', 4, '0000-00-00 00:00:00'),
(316, '17101166', 'v3M8ZqsbD148Y4', 4, '0000-00-00 00:00:00'),
(317, '17101165', 'a3870t3rm5CRnP', 4, '0000-00-00 00:00:00'),
(318, '17101164', '376gw9IH0Ui3RJ', 4, '0000-00-00 00:00:00'),
(319, '17101163', '731Wm9U22K7uXZ', 4, '0000-00-00 00:00:00'),
(320, '17103048', '6Fkif1txA7B2Vt', 4, '0000-00-00 00:00:00'),
(321, '17101162', 'chiuCU0z04IWeS', 4, '0000-00-00 00:00:00'),
(322, '17102081', '5Or62O4MCp7A6i', 4, '0000-00-00 00:00:00'),
(323, '17102080', 'u3Vr85S2BtDEgq', 4, '0000-00-00 00:00:00'),
(324, '17101161', 'Z2e6dBj66Oksc4', 4, '0000-00-00 00:00:00'),
(325, '17103047', '33RW520bXa004H', 4, '0000-00-00 00:00:00'),
(326, '17102079', 'HgdkZN92c0uQEh', 4, '0000-00-00 00:00:00'),
(327, '17101159', 'jjqG2K598G4XpQ', 4, '0000-00-00 00:00:00'),
(328, '17101160', '5pa7pPtD4jbH7P', 4, '0000-00-00 00:00:00'),
(329, '17104009', '1ezzl74VZ82N54', 4, '0000-00-00 00:00:00'),
(330, '17101158', 'sbnbVg36FqpM15', 4, '0000-00-00 00:00:00'),
(331, '17101176', 'G4LwdA6x12E42U', 4, '0000-00-00 00:00:00'),
(332, '17101175', '462xl4o94lFuS8', 4, '0000-00-00 00:00:00'),
(333, '17102083', '2j0ah7Rd70Hz5C', 4, '0000-00-00 00:00:00'),
(334, '17102082', 'gz70s74729T94E', 4, '0000-00-00 00:00:00'),
(335, '17101174', '60u6tYQ1SBz0F2', 4, '0000-00-00 00:00:00'),
(336, '17101171', 'Nd5KcrJVRu9niE', 4, '0000-00-00 00:00:00'),
(337, '17101172', 'X4hp2CF48Psi7F', 4, '0000-00-00 00:00:00'),
(338, '17101173', 'y67EPpQh5eUrKb', 4, '0000-00-00 00:00:00'),
(339, '17101167', 'J0nrH01iXX87i0', 4, '0000-00-00 00:00:00'),
(340, '17101170', '9LIz253mZSk38z', 4, '0000-00-00 00:00:00'),
(341, '17101169', '926b1SC1O7UL3R', 4, '0000-00-00 00:00:00'),
(342, '17101168', '161qcVk06N7BCr', 4, '0000-00-00 00:00:00'),
(343, '17101180', 'uplh91vV6yk5TH', 4, '0000-00-00 00:00:00'),
(344, '17101179', 'oC3lAhdOaU253l', 4, '0000-00-00 00:00:00'),
(345, '17102085', '69COU8a73jrHJi', 4, '0000-00-00 00:00:00'),
(346, '17101178', 'NJurIsY977DGHU', 4, '0000-00-00 00:00:00'),
(347, '17102084', 'ye9Nm3k4208otT', 4, '0000-00-00 00:00:00'),
(348, '17103049', 'B5VX9bf3qcFNAf', 4, '0000-00-00 00:00:00'),
(349, '17101177', 'hE87g7E359YGJs', 4, '0000-00-00 00:00:00'),
(350, '17101182', 'Vg9x3wE1iPx3ln', 4, '0000-00-00 00:00:00'),
(351, '17101183', 'JWeY8OS0nHxGl7', 4, '0000-00-00 00:00:00'),
(352, '17102086', 'sPu8M5en8He6w1', 4, '0000-00-00 00:00:00'),
(353, '17101181', 'r6I27wEN4g08wM', 4, '0000-00-00 00:00:00'),
(354, '17101184', 'CTCoT36v1Ws8iH', 4, '0000-00-00 00:00:00'),
(355, '17101185', '5r27pPYYZlA5wR', 4, '0000-00-00 00:00:00'),
(356, '17101187', 'k5u50683z0wSuf', 4, '0000-00-00 00:00:00'),
(357, '17101189', 'Q7qHb44qHX674i', 4, '0000-00-00 00:00:00'),
(358, '17101188', 'sNv6Aa6Kf2K799', 4, '0000-00-00 00:00:00'),
(359, '17103052', 'IsM74Qsr9mvO5l', 4, '0000-00-00 00:00:00'),
(360, '17104010', '2H9rbV4Wow5loR', 4, '0000-00-00 00:00:00'),
(361, '17101186', 'mYF28pbDx0nP21', 4, '0000-00-00 00:00:00'),
(362, '17103050', 'c6lsR13R36aai4', 4, '0000-00-00 00:00:00'),
(363, '17102087', 'bV8ub9Osxje8sq', 4, '0000-00-00 00:00:00'),
(364, '17101190', '8HW6Kd2sxeLw6i', 4, '0000-00-00 00:00:00'),
(365, '17102088', '86p1ZONJgiuDX1', 4, '0000-00-00 00:00:00'),
(366, '17101225', 'MO29C363Q5o277', 4, '0000-00-00 00:00:00'),
(367, '17101217', 'f3C7nFRr20ot2C', 4, '0000-00-00 00:00:00'),
(368, '17101216', '3uVMLd8u417P0f', 4, '0000-00-00 00:00:00'),
(369, '17101210', '8cRJ3tA0MSW38a', 4, '0000-00-00 00:00:00'),
(370, '17101223', '5p5ozUqo4qy1ow', 4, '0000-00-00 00:00:00'),
(371, '17101221', 'E87atdK859taFV', 4, '0000-00-00 00:00:00'),
(372, '17101219', '3Vze2z2ibiLqI4', 4, '0000-00-00 00:00:00'),
(373, '17101226', 'xj0T02tqcJ645G', 4, '0000-00-00 00:00:00'),
(374, '17101220', 'Png8IVF4405TWq', 4, '0000-00-00 00:00:00'),
(375, '17102095', '37Juc92j7Yb6CL', 4, '0000-00-00 00:00:00'),
(376, '17101208', 'p215W8u5GJxoeu', 4, '0000-00-00 00:00:00'),
(377, '17103053', 'A4K4TsZ7R98t75', 4, '0000-00-00 00:00:00'),
(378, '17102091', '33944GNxb33XHL', 4, '0000-00-00 00:00:00'),
(379, '17103057', 'qL5F9887ug1aHh', 4, '0000-00-00 00:00:00'),
(380, '17101204', '5j578vCWyuz8y2', 4, '0000-00-00 00:00:00'),
(381, '17101212', '34Cd9t7jS05akE', 4, '0000-00-00 00:00:00'),
(382, '17101211', 'wfm3JDq8P091hR', 4, '0000-00-00 00:00:00'),
(383, '17102093', 'jW2T7pPzaXaio5', 4, '0000-00-00 00:00:00'),
(384, '17101233', 'YF2YMv50AtvA2J', 4, '0000-00-00 00:00:00'),
(385, '17101195', '8L7EQ2Z5riJ1SE', 4, '0000-00-00 00:00:00'),
(386, '17101203', '9B2CjA3vn9SVHi', 4, '0000-00-00 00:00:00'),
(387, '17101193', 'OBKd54X9po95SS', 4, '0000-00-00 00:00:00'),
(388, '17101192', 'ZzZtu897y35mj2', 4, '0000-00-00 00:00:00'),
(389, '17101207', '0Iz1797jvYQi18', 4, '0000-00-00 00:00:00'),
(390, '17102090', 'ZL5CO2q97NRusy', 4, '0000-00-00 00:00:00'),
(391, '17101227', 'zN6wO0GyOCMWio', 4, '0000-00-00 00:00:00'),
(392, '17101229', '06tg9c0hmfING1', 4, '0000-00-00 00:00:00'),
(393, '17102094', '41t06s22n2E4SF', 4, '0000-00-00 00:00:00'),
(394, '17101214', 'J2ee00KbiBFnP0', 4, '0000-00-00 00:00:00'),
(395, '17103060', '5fNR72dGWy7lgl', 4, '0000-00-00 00:00:00'),
(396, '17101228', 'cpK3S2q27J5alO', 4, '0000-00-00 00:00:00'),
(397, '17103061', '0Oh2lY5NpCBZj2', 4, '0000-00-00 00:00:00'),
(398, '17101231', '6sEBlh64Hv4U7N', 4, '0000-00-00 00:00:00'),
(399, '17101230', '158J9Dyd86WF50', 4, '0000-00-00 00:00:00'),
(400, '17101209', '6qCmPn8CpDxSG3', 4, '0000-00-00 00:00:00'),
(401, '17103054', 'z9TrAz6Fzfd18p', 4, '0000-00-00 00:00:00'),
(402, '17101218', '6zUPP66jN0B890', 4, '0000-00-00 00:00:00'),
(403, '17101222', 'OcrIqUA6x66lCp', 4, '0000-00-00 00:00:00'),
(404, '17103056', 'ir4q986t1qtOe9', 4, '0000-00-00 00:00:00'),
(405, '17102092', '48679wGteaWUJD', 4, '0000-00-00 00:00:00'),
(406, '17104011', '73rYPbkUO6mu89', 4, '0000-00-00 00:00:00'),
(407, '17101224', '9dI6CW0HxM7O28', 4, '0000-00-00 00:00:00'),
(408, '17103055', 'scd6SYa2c2f2B6', 4, '0000-00-00 00:00:00'),
(409, '17103059', '9wIm8K0GQ9a7g7', 4, '0000-00-00 00:00:00'),
(410, '17101232', '3hNXT62vJP4lJ0', 4, '0000-00-00 00:00:00'),
(411, '17101206', 'ta504pr2qVqljz', 4, '0000-00-00 00:00:00'),
(412, '17101215', '8B4c8G23kX06Av', 4, '0000-00-00 00:00:00'),
(413, '17103058', '62Kjx3B18961AC', 4, '0000-00-00 00:00:00'),
(414, '17101205', 'eTS8ZTyFTLO667', 4, '0000-00-00 00:00:00'),
(415, '17101213', '50W8OEo07eAnn6', 4, '0000-00-00 00:00:00'),
(416, '17101194', 'Q7pG1VG05QKvt8', 4, '0000-00-00 00:00:00'),
(417, '17102089', 'i5VO4L2uNI56s9', 4, '0000-00-00 00:00:00'),
(418, '17103062', 'TO2tDhsPQ4830H', 4, '0000-00-00 00:00:00'),
(419, '17103051', 'eyQ6c59UGL039t', 4, '0000-00-00 00:00:00');

--
-- Indexes for dumped tables
--

--
-- Indexes for table `administrator`
--
ALTER TABLE `administrator`
  ADD PRIMARY KEY (`id_admin`),
  ADD KEY `id_user` (`id_user`);

--
-- Indexes for table `adminmatrik`
--
ALTER TABLE `adminmatrik`
  ADD PRIMARY KEY (`id_adminmatrik`),
  ADD KEY `id_user` (`id_user`);

--
-- Indexes for table `mahasiswa`
--
ALTER TABLE `mahasiswa`
  ADD PRIMARY KEY (`id_mahasiswa`),
  ADD KEY `id_user` (`id_user`);

--
-- Indexes for table `m_binaan`
--
ALTER TABLE `m_binaan`
  ADD KEY `id_pembina` (`id_pembina`),
  ADD KEY `id_mahasiswa` (`id_mahasiswa`);

--
-- Indexes for table `pembina`
--
ALTER TABLE `pembina`
  ADD PRIMARY KEY (`id_pembina`),
  ADD UNIQUE KEY `id_user` (`id_user`);

--
-- Indexes for table `shalat`
--
ALTER TABLE `shalat`
  ADD KEY `id_mahasiswa` (`id_mahasiswa`);

--
-- Indexes for table `users`
--
ALTER TABLE `users`
  ADD PRIMARY KEY (`id_user`);

--
-- AUTO_INCREMENT for dumped tables
--

--
-- AUTO_INCREMENT for table `administrator`
--
ALTER TABLE `administrator`
  MODIFY `id_admin` int(11) NOT NULL AUTO_INCREMENT, AUTO_INCREMENT=2;
--
-- AUTO_INCREMENT for table `adminmatrik`
--
ALTER TABLE `adminmatrik`
  MODIFY `id_adminmatrik` int(3) NOT NULL AUTO_INCREMENT, AUTO_INCREMENT=4;
--
-- AUTO_INCREMENT for table `pembina`
--
ALTER TABLE `pembina`
  MODIFY `id_pembina` int(11) NOT NULL AUTO_INCREMENT, AUTO_INCREMENT=29;
--
-- AUTO_INCREMENT for table `users`
--
ALTER TABLE `users`
  MODIFY `id_user` int(11) NOT NULL AUTO_INCREMENT, AUTO_INCREMENT=420;
--
-- Constraints for dumped tables
--

--
-- Constraints for table `administrator`
--
ALTER TABLE `administrator`
  ADD CONSTRAINT `administrator_ibfk_1` FOREIGN KEY (`id_user`) REFERENCES `users` (`id_user`);

--
-- Constraints for table `adminmatrik`
--
ALTER TABLE `adminmatrik`
  ADD CONSTRAINT `adminmatrik_ibfk_1` FOREIGN KEY (`id_user`) REFERENCES `users` (`id_user`);

--
-- Constraints for table `m_binaan`
--
ALTER TABLE `m_binaan`
  ADD CONSTRAINT `m_binaan_ibfk_1` FOREIGN KEY (`id_pembina`) REFERENCES `pembina` (`id_pembina`),
  ADD CONSTRAINT `m_binaan_ibfk_2` FOREIGN KEY (`id_mahasiswa`) REFERENCES `mahasiswa` (`id_mahasiswa`);

--
-- Constraints for table `pembina`
--
ALTER TABLE `pembina`
  ADD CONSTRAINT `pembina_ibfk_1` FOREIGN KEY (`id_user`) REFERENCES `users` (`id_user`);

--
-- Constraints for table `shalat`
--
ALTER TABLE `shalat`
  ADD CONSTRAINT `shalat_ibfk_1` FOREIGN KEY (`id_mahasiswa`) REFERENCES `mahasiswa` (`id_mahasiswa`);
COMMIT;

/*!40101 SET CHARACTER_SET_CLIENT=@OLD_CHARACTER_SET_CLIENT */;
/*!40101 SET CHARACTER_SET_RESULTS=@OLD_CHARACTER_SET_RESULTS */;
/*!40101 SET COLLATION_CONNECTION=@OLD_COLLATION_CONNECTION */;
